HS_size,HS_Head,house_type,wallMaterial,floor_status,waterSupplyRating,securityConsideration,entryRestrictions,insecurityReports,conduciveEnvironment,distanceTown,amenities.schools,amenities.tertiaryEducation,amenities.healthCenters,amenities.socialHalls,amenities.tradeCenters,amenities.worshipCenters,amenities.other,roadState,Which_means_of_transport_do_you_use,employmentStatus,HS_expenditure,jointIncome,rentPrice,currentIssues.currentIssues_header,currentIssues.State_of_the_economy_nd_employment_market,currentIssues.Food_Security_and_nutrition,currentIssues.Affordable_housing,currentIssues.Access_to_affordable_healthcare,homeOwnershipAspire,NGActions,countyActions,enoughtHousing,stayLength,expectMove,expectMove_HS,supportAHProject
1,female,singleRoom,blockBrick,tiled,7,yes,no,no,9,far,TRUE,TRUE,TRUE,FALSE,FALSE,TRUE,FALSE,good,boda,selfEmployed,below500,5001_10_000,3000,n/a,verySerious,verySerious,verySerious,verySerious,yes,doMore,doMore,no,5,yes,withinaYear,yes
2,male,bedsitter,blockBrick,tiled,6,yes,notSure,no,8,far,TRUE,TRUE,TRUE,FALSE,TRUE,TRUE,FALSE,bad,boda,salaried,501_1000,10_001_30_000,4500,n/a,verySerious,verySerious,verySerious,verySerious,yes,doingNothing,doingNothing,no,4,notSure,moreThree,yes
3,male,singleRoom,blockBrick,cemented,6,yes,no,no,8,far,TRUE,TRUE,TRUE,FALSE,TRUE,TRUE,FALSE,bad,boda,selfEmployed,501_1000,10_001_30_000,3000,n/a,verySerious,verySerious,verySerious,verySerious,yes,doMore,doMore,no,6,no,withinaYear,yes
1,male,singleRoom,stone,tiled,9,yes,no,yes,7,far,FALSE,TRUE,FALSE,FALSE,FALSE,FALSE,FALSE,good,boda,selfEmployed,below500,10_001_30_000,4500,n/a,verySerious,verySerious,verySerious,fairlySerious,yes,doingNothing,doingNothing,yes,6,notSure,withinaYear,yes
1,female,bedsitter,blockBrick,tiled,5,yes,notSure,no,5,near,TRUE,TRUE,TRUE,FALSE,TRUE,FALSE,FALSE,good,matatu,none,below500,below5000,4500,n/a,notProblem,notProblem,notProblem,notProblem,no,doingEnough,tooMuch,yes,1,notSure,twoThreeYrs,yes
2,male,bedsitter,blockBrick,tiled,10,yes,no,no,10,far,TRUE,TRUE,TRUE,TRUE,TRUE,TRUE,FALSE,bad,boda,selfEmployed,501_1000,10_001_30_000,4500,n/a,verySerious,fairlySerious,somewhatProblem,fairlySerious,yes,doMore,doMore,no,4,no,twoThreeYrs,yes
2,male,singleRoom,blockBrick,tiled,8,notSure,notSure,no,10,far,TRUE,TRUE,TRUE,FALSE,TRUE,TRUE,FALSE,bad,boda,selfEmployed,501_1000,10_001_30_000,3000,n/a,verySerious,fairlySerious,somewhatProblem,verySerious,yes,doMore,doMore,no,5,notSure,twoThreeYrs,yes
1,female,singleRoom,blockBrick,tiled,9,yes,yes,no,6,far,TRUE,TRUE,TRUE,FALSE,TRUE,TRUE,FALSE,bad,boda,selfEmployed,501_1000,10_001_30_000,3000,n/a,verySerious,somewhatProblem,verySerious,somewhatProblem,yes,doMore,doMore,no,8,notSure,twoThreeYrs,yes
3,male,SC_two_bedr,stone,tiled,10,yes,yes,no,9,far,TRUE,TRUE,TRUE,TRUE,TRUE,TRUE,FALSE,bad,boda,salaried,1001_3000,10_001_30_000,10000,n/a,verySerious,fairlySerious,verySerious,fairlySerious,yes,doMore,doMore,no,8,no,twoThreeYrs,yes
3,male,SC_two_bedr,stone,tiled,10,yes,yes,no,8,far,TRUE,TRUE,TRUE,TRUE,TRUE,TRUE,FALSE,bad,boda,salaried,1001_3000,10_001_30_000,10000,n/a,verySerious,verySerious,verySerious,verySerious,yes,doMore,doMore,no,8,no,moreThree,yes
4,male,SC_two_bedr,stone,tiled,10,yes,yes,no,8,far,TRUE,TRUE,TRUE,TRUE,TRUE,TRUE,FALSE,bad,boda,salaried,1001_3000,10_001_30_000,10000,n/a,verySerious,somewhatProblem,fairlySerious,somewhatProblem,yes,doMore,doMore,no,6,no,moreThree,yes
4,male,SC_two_bedr,stone,tiled,10,yes,yes,no,7,far,TRUE,TRUE,TRUE,TRUE,TRUE,TRUE,FALSE,bad,boda,salaried,1001_3000,10_001_30_000,10000,n/a,verySerious,fairlySerious,fairlySerious,verySerious,yes,doMore,doMore,no,7,no,moreThree,yes
1,female,SC_one_bedr,stone,tiled,5,yes,yes,no,7,far,TRUE,TRUE,TRUE,TRUE,TRUE,TRUE,FALSE,bad,boda,salaried,501_1000,10_001_30_000,7000,n/a,verySerious,fairlySerious,verySerious,verySerious,yes,doMore,doMore,no,5,no,moreThree,yes
1,male,SC_one_bedr,stone,tiled,7,yes,yes,no,7,far,TRUE,TRUE,TRUE,TRUE,TRUE,TRUE,FALSE,bad,boda,salaried,501_1000,10_001_30_000,7000,n/a,verySerious,verySerious,verySerious,verySerious,yes,doMore,doMore,no,6,no,twoThreeYrs,yes
2,female,SC_one_bedr,stone,tiled,8,yes,yes,no,8,far,TRUE,TRUE,TRUE,TRUE,TRUE,TRUE,FALSE,bad,boda,salaried,501_1000,10_001_30_000,7000,n/a,verySerious,somewhatProblem,fairlySerious,verySerious,yes,doMore,doMore,no,2,no,moreThree,yes
2,male,SC_one_bedr,stone,tiled,6,yes,yes,no,6,far,TRUE,TRUE,TRUE,TRUE,TRUE,TRUE,FALSE,bad,boda,salaried,1001_3000,10_001_30_000,7000,n/a,verySerious,verySerious,somewhatProblem,verySerious,yes,doMore,doMore,no,3,no,twoThreeYrs,yes
3,male,SC_one_bedr,stone,tiled,6,yes,yes,no,7,far,TRUE,TRUE,TRUE,TRUE,TRUE,TRUE,FALSE,bad,boda,selfEmployed,1001_3000,10_001_30_000,7000,n/a,somewhatProblem,somewhatProblem,somewhatProblem,somewhatProblem,yes,doMore,doMore,no,2,no,twoThreeYrs,yes
2,female,SC_one_bedr,stone,tiled,7,yes,yes,no,5,far,TRUE,TRUE,TRUE,TRUE,TRUE,TRUE,FALSE,bad,boda,selfEmployed,1001_3000,10_001_30_000,7000,n/a,fairlySerious,fairlySerious,somewhatProblem,somewhatProblem,yes,doMore,doMore,no,7,no,twoThreeYrs,yes
3,male,SC_one_bedr,stone,tiled,7,yes,yes,no,4,far,TRUE,TRUE,TRUE,TRUE,TRUE,TRUE,FALSE,bad,boda,salaried,1001_3000,10_001_30_000,7000,n/a,verySerious,fairlySerious,verySerious,somewhatProblem,yes,doMore,doMore,no,8,no,twoThreeYrs,yes
2,female,SC_one_bedr,stone,tiled,4,yes,yes,no,5,far,TRUE,TRUE,TRUE,TRUE,TRUE,TRUE,FALSE,bad,boda,selfEmployed,1001_3000,10_001_30_000,7000,n/a,verySerious,somewhatProblem,somewhatProblem,somewhatProblem,yes,doMore,doMore,no,7,no,moreThree,yes
1,male,singleRoom,blockBrick,cemented,5,yes,yes,no,8,near,TRUE,TRUE,TRUE,TRUE,TRUE,TRUE,FALSE,good,boda,selfEmployed,501_1000,5001_10_000,3500,n/a,verySerious,verySerious,verySerious,verySerious,yes,doMore,doMore,no,5,notSure,twoThreeYrs,yes
1,female,singleRoom,blockBrick,cemented,4,yes,yes,yes,9,near,TRUE,TRUE,TRUE,TRUE,TRUE,TRUE,FALSE,good,boda,selfEmployed,501_1000,5001_10_000,3500,n/a,somewhatProblem,somewhatProblem,somewhatProblem,somewhatProblem,yes,doMore,doMore,no,5,no,moreThree,yes
1,male,singleRoom,blockBrick,cemented,6,yes,notSure,no,7,near,TRUE,TRUE,TRUE,TRUE,TRUE,TRUE,FALSE,good,boda,selfEmployed,501_1000,5001_10_000,3500,n/a,verySerious,fairlySerious,fairlySerious,verySerious,yes,doMore,doingNothing,notSure,9,notSure,moreThree,yes
2,female,singleRoom,blockBrick,cemented,6,yes,notSure,no,6,near,TRUE,TRUE,TRUE,TRUE,TRUE,TRUE,FALSE,good,boda,none,501_1000,5001_10_000,3500,n/a,somewhatProblem,fairlySerious,somewhatProblem,verySerious,yes,doMore,doingNothing,no,8,no,moreThree,yes
2,male,singleRoom,blockBrick,cemented,6,yes,notSure,no,8,near,TRUE,TRUE,TRUE,TRUE,TRUE,TRUE,FALSE,good,boda,selfEmployed,501_1000,10_001_30_000,3500,n/a,somewhatProblem,verySerious,fairlySerious,verySerious,yes,doMore,doMore,no,1,notSure,moreThree,yes
3,male,singleRoom,blockBrick,cemented,5,yes,yes,no,9,near,TRUE,TRUE,TRUE,TRUE,TRUE,TRUE,FALSE,good,boda,salaried,501_1000,10_001_30_000,3500,n/a,verySerious,somewhatProblem,verySerious,verySerious,yes,doMore,doingNothing,notSure,11,no,moreThree,yes
1,female,singleRoom,blockBrick,cemented,4,yes,yes,no,6,near,TRUE,TRUE,TRUE,TRUE,TRUE,TRUE,FALSE,good,boda,selfEmployed,501_1000,5001_10_000,3500,n/a,fairlySerious,fairlySerious,fairlySerious,fairlySerious,yes,doMore,doMore,notSure,10,no,moreThree,yes
1,male,singleRoom,blockBrick,cemented,5,yes,notSure,no,6,near,TRUE,TRUE,TRUE,TRUE,TRUE,TRUE,FALSE,good,boda,selfEmployed,below500,10_001_30_000,3500,n/a,verySerious,fairlySerious,verySerious,verySerious,yes,doingNothing,doingNothing,no,12,no,twoThreeYrs,yes
1,female,singleRoom,blockBrick,cemented,6,yes,yes,no,7,near,TRUE,TRUE,TRUE,TRUE,TRUE,TRUE,FALSE,good,boda,selfEmployed,below500,10_001_30_000,3500,n/a,verySerious,verySerious,verySerious,verySerious,yes,doMore,doMore,no,13,no,moreThree,yes
1,female,singleRoom,blockBrick,cemented,6,yes,notSure,no,7,near,TRUE,TRUE,TRUE,TRUE,TRUE,TRUE,FALSE,good,boda,selfEmployed,501_1000,5001_10_000,3500,n/a,fairlySerious,fairlySerious,verySerious,verySerious,yes,doingNothing,doingNothing,no,11,no,twoThreeYrs,yes
3,male,doubleRoom,blockBrick,cemented,5,yes,yes,no,6,near,TRUE,TRUE,TRUE,TRUE,TRUE,TRUE,FALSE,good,boda,salaried,501_1000,10_001_30_000,7000,n/a,verySerious,verySerious,verySerious,verySerious,yes,doMore,doMore,notSure,3,no,twoThreeYrs,yes
4,male,doubleRoom,blockBrick,cemented,6,yes,yes,no,6,near,TRUE,TRUE,TRUE,TRUE,TRUE,TRUE,FALSE,good,boda,salaried,501_1000,10_001_30_000,7000,n/a,verySerious,fairlySerious,verySerious,fairlySerious,yes,doMore,doMore,no,5,no,moreThree,yes
3,male,doubleRoom,blockBrick,cemented,5,yes,yes,no,7,near,TRUE,TRUE,TRUE,TRUE,TRUE,TRUE,FALSE,good,boda,salaried,501_1000,10_001_30_000,7000,n/a,fairlySerious,verySerious,fairlySerious,fairlySerious,yes,doMore,doingNothing,yes,8,no,moreThree,yes
4,male,doubleRoom,blockBrick,cemented,5,yes,yes,no,7,near,TRUE,TRUE,TRUE,TRUE,TRUE,TRUE,FALSE,good,boda,salaried,501_1000,10_001_30_000,7000,n/a,fairlySerious,somewhatProblem,somewhatProblem,somewhatProblem,yes,doMore,doingNothing,no,8,no,moreThree,yes
5,male,doubleRoom,blockBrick,cemented,6,yes,yes,no,6,near,TRUE,TRUE,TRUE,TRUE,TRUE,TRUE,FALSE,good,boda,salaried,501_1000,10_001_30_000,7000,n/a,verySerious,verySerious,fairlySerious,verySerious,yes,doMore,doMore,notSure,6,no,twoThreeYrs,yes
3,female,doubleRoom,blockBrick,cemented,6,notSure,notSure,no,7,near,TRUE,TRUE,TRUE,TRUE,TRUE,TRUE,FALSE,good,boda,salaried,501_1000,10_001_30_000,7000,n/a,verySerious,somewhatProblem,verySerious,fairlySerious,yes,doMore,doingNothing,notSure,5,notSure,twoThreeYrs,yes
3,male,doubleRoom,blockBrick,cemented,5,yes,yes,no,8,near,TRUE,TRUE,TRUE,TRUE,TRUE,TRUE,FALSE,good,boda,salaried,501_1000,10_001_30_000,7000,n/a,verySerious,fairlySerious,fairlySerious,fairlySerious,yes,doMore,doMore,no,7,no,moreThree,yes
1,female,bedsitter,stone,tiled,6,yes,yes,no,7,near,TRUE,TRUE,TRUE,TRUE,TRUE,TRUE,FALSE,good,boda,selfEmployed,501_1000,10_001_30_000,6500,n/a,fairlySerious,fairlySerious,fairlySerious,fairlySerious,yes,doMore,doingNothing,no,5,no,twoThreeYrs,yes
1,male,bedsitter,stone,tiled,6,yes,yes,no,6,near,TRUE,TRUE,TRUE,TRUE,TRUE,TRUE,FALSE,good,boda,selfEmployed,501_1000,10_001_30_000,6500,n/a,verySerious,somewhatProblem,somewhatProblem,fairlySerious,yes,doMore,doMore,notSure,5,no,moreThree,yes
2,male,bedsitter,stone,tiled,6,yes,yes,no,5,near,TRUE,TRUE,TRUE,TRUE,TRUE,TRUE,FALSE,good,boda,selfEmployed,501_1000,10_001_30_000,6500,n/a,verySerious,fairlySerious,somewhatProblem,verySerious,yes,doMore,doingNothing,no,7,no,moreThree,yes
1,male,bedsitter,stone,tiled,6,yes,yes,no,7,near,TRUE,TRUE,TRUE,TRUE,TRUE,TRUE,FALSE,good,boda,selfEmployed,501_1000,10_001_30_000,6500,n/a,verySerious,fairlySerious,fairlySerious,fairlySerious,yes,doMore,doMore,no,15,no,moreThree,yes
2,male,bedsitter,stone,tiled,6,yes,yes,no,7,near,TRUE,TRUE,TRUE,TRUE,TRUE,TRUE,FALSE,good,boda,selfEmployed,501_1000,10_001_30_000,6500,n/a,verySerious,somewhatProblem,verySerious,fairlySerious,yes,doMore,doingNothing,no,1,no,twoThreeYrs,yes
3,female,bedsitter,stone,tiled,6,yes,yes,no,6,near,TRUE,TRUE,TRUE,TRUE,TRUE,TRUE,FALSE,good,boda,selfEmployed,501_1000,10_001_30_000,6500,n/a,fairlySerious,fairlySerious,verySerious,verySerious,yes,doMore,doingNothing,no,6,no,twoThreeYrs,yes
2,male,bedsitter,stone,tiled,5,yes,yes,no,6,near,TRUE,TRUE,TRUE,TRUE,TRUE,TRUE,FALSE,good,boda,selfEmployed,501_1000,10_001_30_000,6500,n/a,fairlySerious,fairlySerious,fairlySerious,fairlySerious,yes,doMore,doMore,notSure,6,no,twoThreeYrs,yes
1,female,bedsitter,stone,tiled,5,yes,yes,no,7,near,TRUE,TRUE,TRUE,TRUE,TRUE,TRUE,FALSE,good,boda,salaried,501_1000,10_001_30_000,6500,n/a,somewhatProblem,fairlySerious,somewhatProblem,verySerious,undecided,doMore,doingNothing,no,5,no,twoThreeYrs,yes
1,male,bedsitter,stone,tiled,6,yes,yes,no,6,near,TRUE,TRUE,TRUE,TRUE,TRUE,TRUE,FALSE,good,boda,salaried,501_1000,10_001_30_000,6500,n/a,verySerious,verySerious,verySerious,verySerious,yes,doMore,doMore,no,8,yes,twoThreeYrs,yes
3,female,bedsitter,stone,tiled,6,yes,yes,no,6,near,TRUE,TRUE,TRUE,TRUE,TRUE,TRUE,FALSE,good,boda,selfEmployed,501_1000,10_001_30_000,6500,n/a,somewhatProblem,fairlySerious,fairlySerious,somewhatProblem,yes,doMore,doingNothing,no,18,notSure,moreThree,maybe
1,male,bedsitter,stone,tiled,5,yes,yes,no,6,near,TRUE,TRUE,TRUE,TRUE,TRUE,TRUE,FALSE,good,boda,selfEmployed,501_1000,10_001_30_000,6500,n/a,fairlySerious,fairlySerious,verySerious,fairlySerious,undecided,doingNothing,doingNothing,notSure,10,no,twoThreeYrs,maybe
2,female,bedsitter,stone,tiled,6,yes,yes,no,8,near,TRUE,TRUE,TRUE,TRUE,TRUE,TRUE,FALSE,good,boda,salaried,501_1000,10_001_30_000,6500,n/a,somewhatProblem,fairlySerious,somewhatProblem,fairlySerious,yes,doMore,doMore,no,8,notSure,moreThree,yes
3,male,bedsitter,stone,tiled,5,yes,yes,no,8,near,TRUE,TRUE,TRUE,TRUE,TRUE,TRUE,FALSE,good,boda,salaried,501_1000,10_001_30_000,6500,n/a,somewhatProblem,fairlySerious,fairlySerious,somewhatProblem,yes,doMore,doingNothing,notSure,15,notSure,moreThree,yes
1,female,bedsitter,stone,tiled,6,yes,yes,no,7,near,TRUE,TRUE,TRUE,TRUE,TRUE,TRUE,FALSE,good,boda,salaried,501_1000,10_001_30_000,6500,n/a,fairlySerious,fairlySerious,fairlySerious,fairlySerious,undecided,doMore,doMore,no,12,notSure,moreThree,yes
2,male,bedsitter,stone,tiled,6,yes,yes,no,8,near,TRUE,TRUE,TRUE,TRUE,TRUE,TRUE,FALSE,good,boda,selfEmployed,501_1000,10_001_30_000,6500,n/a,fairlySerious,fairlySerious,fairlySerious,fairlySerious,yes,doMore,doMore,no,6,notSure,withinaYear,yes
1,female,bedsitter,stone,tiled,6,yes,yes,no,6,near,TRUE,TRUE,TRUE,TRUE,TRUE,TRUE,FALSE,good,boda,selfEmployed,501_1000,10_001_30_000,6500,n/a,verySerious,somewhatProblem,fairlySerious,verySerious,undecided,doMore,doMore,no,17,notSure,twoThreeYrs,yes
3,male,bedsitter,stone,tiled,6,yes,yes,no,6,near,TRUE,TRUE,TRUE,TRUE,TRUE,TRUE,FALSE,good,boda,selfEmployed,501_1000,10_001_30_000,6500,n/a,fairlySerious,verySerious,fairlySerious,verySerious,yes,doMore,doingNothing,notSure,8,notSure,withinaYear,yes
2,female,bedsitter,stone,tiled,5,yes,yes,no,7,near,TRUE,TRUE,TRUE,TRUE,TRUE,TRUE,FALSE,good,boda,selfEmployed,501_1000,10_001_30_000,6500,n/a,somewhatProblem,fairlySerious,somewhatProblem,fairlySerious,yes,doMore,doMore,notSure,15,notSure,withinaYear,yes
3,male,bedsitter,stone,tiled,6,yes,yes,no,9,near,TRUE,TRUE,TRUE,TRUE,TRUE,TRUE,FALSE,good,boda,selfEmployed,501_1000,10_001_30_000,6500,n/a,verySerious,somewhatProblem,verySerious,somewhatProblem,yes,doMore,doingNothing,no,6,notSure,immediately,maybe
2,male,bedsitter,stone,tiled,7,yes,yes,no,8,near,TRUE,TRUE,TRUE,TRUE,TRUE,TRUE,FALSE,good,boda,salaried,501_1000,10_001_30_000,6500,n/a,verySerious,verySerious,verySerious,verySerious,yes,doMore,doingNothing,no,9,no,twoThreeYrs,yes
1,female,singleRoom,blockBrick,tiled,6,yes,no,yes,4,far,TRUE,FALSE,FALSE,FALSE,FALSE,FALSE,FALSE,bad,tuktuk,selfEmployed,below500,5001_10_000,3500,n/a,verySerious,verySerious,verySerious,verySerious,yes,doMore,doMore,no,1,notSure,twoThreeYrs,maybe
4,male,singleRoom,blockBrick,cemented,6,yes,no,no,5,near,TRUE,TRUE,TRUE,FALSE,FALSE,FALSE,FALSE,good,boda,selfEmployed,501_1000,5001_10_000,3500,n/a,verySerious,fairlySerious,somewhatProblem,fairlySerious,yes,doMore,doMore,no,3,no,twoThreeYrs,yes
4,male,doubleRoom,blockBrick,cemented,5,yes,no,no,5,near,FALSE,TRUE,TRUE,TRUE,FALSE,FALSE,FALSE,good,boda,selfEmployed,501_1000,10_001_30_000,3000,n/a,verySerious,somewhatProblem,fairlySerious,somewhatProblem,yes,doMore,doMore,no,1,no,moreThree,yes
1,male,singleRoom,stone,tiled,7,yes,yes,no,9,near,TRUE,TRUE,TRUE,TRUE,TRUE,TRUE,FALSE,good,boda,salaried,501_1000,10_001_30_000,4000,n/a,somewhatProblem,fairlySerious,somewhatProblem,verySerious,yes,doMore,doMore,notSure,8,no,moreThree,maybe
2,male,singleRoom,stone,tiled,4,yes,yes,no,5,near,TRUE,TRUE,TRUE,TRUE,TRUE,TRUE,FALSE,good,boda,selfEmployed,501_1000,10_001_30_000,4000,n/a,verySerious,fairlySerious,fairlySerious,somewhatProblem,yes,doMore,doingNothing,no,9,notSure,withinaYear,yes
3,male,singleRoom,stone,tiled,3,yes,yes,no,4,near,TRUE,TRUE,TRUE,TRUE,TRUE,TRUE,FALSE,good,boda,selfEmployed,501_1000,10_001_30_000,4000,n/a,verySerious,somewhatProblem,fairlySerious,verySerious,yes,doMore,doMore,notSure,4,notSure,twoThreeYrs,yes
2,female,singleRoom,stone,tiled,8,yes,yes,no,8,near,TRUE,TRUE,TRUE,TRUE,TRUE,TRUE,FALSE,good,boda,salaried,501_1000,10_001_30_000,4000,n/a,fairlySerious,fairlySerious,verySerious,fairlySerious,undecided,doMore,doingNothing,no,5,notSure,withinaYear,yes
1,male,singleRoom,stone,tiled,5,yes,yes,no,7,near,TRUE,TRUE,TRUE,TRUE,TRUE,TRUE,FALSE,good,boda,selfEmployed,501_1000,10_001_30_000,4000,n/a,somewhatProblem,verySerious,fairlySerious,somewhatProblem,yes,doMore,doingNothing,notSure,2,yes,moreThree,yes
3,male,singleRoom,stone,tiled,5,yes,yes,no,7,near,TRUE,TRUE,TRUE,TRUE,TRUE,TRUE,FALSE,good,boda,selfEmployed,501_1000,10_001_30_000,4000,n/a,fairlySerious,somewhatProblem,fairlySerious,verySerious,yes,doMore,doMore,notSure,10,notSure,moreThree,maybe
2,male,singleRoom,stone,tiled,4,yes,yes,no,6,near,TRUE,TRUE,TRUE,TRUE,TRUE,TRUE,FALSE,good,boda,selfEmployed,501_1000,10_001_30_000,4000,n/a,verySerious,somewhatProblem,verySerious,somewhatProblem,yes,doingNothing,doingNothing,no,2,notSure,withinaYear,maybe
2,male,singleRoom,stone,tiled,5,yes,yes,no,8,near,TRUE,TRUE,TRUE,TRUE,TRUE,TRUE,FALSE,good,boda,salaried,501_1000,10_001_30_000,4000,n/a,fairlySerious,verySerious,fairlySerious,fairlySerious,yes,doMore,doMore,no,7,no,moreThree,yes
1,female,singleRoom,stone,tiled,5,yes,yes,no,7,near,TRUE,TRUE,TRUE,TRUE,TRUE,TRUE,FALSE,good,boda,salaried,501_1000,10_001_30_000,4000,n/a,fairlySerious,verySerious,fairlySerious,verySerious,undecided,doMore,doMore,notSure,2,no,twoThreeYrs,maybe
3,male,singleRoom,stone,tiled,5,yes,yes,no,8,near,TRUE,TRUE,TRUE,TRUE,TRUE,TRUE,FALSE,good,boda,selfEmployed,501_1000,10_001_30_000,4000,n/a,fairlySerious,somewhatProblem,verySerious,somewhatProblem,yes,doMore,doingNothing,notSure,5,notSure,withinaYear,yes
2,female,bedsitter,stone,tiled,9,yes,yes,no,5,near,TRUE,TRUE,TRUE,TRUE,TRUE,TRUE,FALSE,good,boda,salaried,501_1000,10_001_30_000,7000,n/a,verySerious,verySerious,verySerious,fairlySerious,undecided,doMore,doingNothing,notSure,8,notSure,moreThree,yes
1,male,bedsitter,stone,tiled,9,yes,yes,no,8,near,TRUE,TRUE,TRUE,TRUE,TRUE,TRUE,FALSE,good,boda,selfEmployed,501_1000,10_001_30_000,7000,n/a,fairlySerious,fairlySerious,fairlySerious,fairlySerious,yes,doMore,doingNothing,notSure,8,notSure,moreThree,maybe
1,male,bedsitter,stone,tiled,9,yes,yes,no,10,near,TRUE,TRUE,TRUE,TRUE,TRUE,TRUE,FALSE,good,boda,selfEmployed,501_1000,10_001_30_000,7000,n/a,somewhatProblem,verySerious,verySerious,somewhatProblem,undecided,doMore,doingNothing,notSure,3,notSure,twoThreeYrs,yes
1,male,bedsitter,stone,tiled,9,yes,yes,no,9,near,TRUE,TRUE,TRUE,TRUE,TRUE,TRUE,FALSE,good,boda,salaried,501_1000,10_001_30_000,7000,n/a,fairlySerious,verySerious,verySerious,verySerious,undecided,doMore,doingNothing,notSure,6,notSure,twoThreeYrs,yes
3,male,bedsitter,stone,tiled,9,yes,yes,no,9,near,TRUE,TRUE,TRUE,TRUE,TRUE,TRUE,FALSE,good,boda,selfEmployed,501_1000,10_001_30_000,7000,n/a,fairlySerious,verySerious,verySerious,fairlySerious,undecided,doMore,doingNothing,notSure,7,notSure,moreThree,yes
3,male,bedsitter,stone,tiled,8,yes,yes,no,9,near,TRUE,TRUE,TRUE,TRUE,TRUE,TRUE,FALSE,good,boda,salaried,501_1000,10_001_30_000,7000,n/a,fairlySerious,fairlySerious,verySerious,fairlySerious,undecided,doMore,doMore,notSure,10,notSure,twoThreeYrs,yes
1,male,bedsitter,stone,tiled,9,yes,yes,no,8,near,TRUE,TRUE,TRUE,TRUE,TRUE,TRUE,FALSE,good,boda,salaried,501_1000,10_001_30_000,7000,n/a,fairlySerious,verySerious,verySerious,fairlySerious,undecided,doMore,doMore,notSure,5,notSure,twoThreeYrs,maybe
3,female,bedsitter,stone,tiled,8,yes,yes,no,5,near,TRUE,TRUE,TRUE,TRUE,TRUE,TRUE,FALSE,good,boda,selfEmployed,501_1000,10_001_30_000,7000,n/a,fairlySerious,verySerious,verySerious,somewhatProblem,yes,doMore,doingNothing,notSure,5,notSure,withinaYear,yes
3,male,bedsitter,stone,tiled,6,yes,yes,no,8,near,TRUE,TRUE,TRUE,TRUE,TRUE,TRUE,FALSE,good,boda,selfEmployed,501_1000,10_001_30_000,7000,n/a,fairlySerious,somewhatProblem,verySerious,fairlySerious,yes,doMore,doingNothing,no,11,notSure,moreThree,yes
1,male,bedsitter,stone,tiled,7,yes,yes,no,9,near,TRUE,TRUE,TRUE,TRUE,TRUE,TRUE,FALSE,good,boda,salaried,501_1000,10_001_30_000,7000,n/a,fairlySerious,verySerious,verySerious,verySerious,undecided,doMore,doMore,notSure,10,notSure,moreThree,yes
1,female,SC_one_bedr,stone,tiled,6,yes,notSure,notSure,8,near,TRUE,TRUE,TRUE,TRUE,TRUE,TRUE,FALSE,good,tuktuk,salaried,1001_3000,30_000_50_000,15000,n/a,verySerious,fairlySerious,verySerious,verySerious,undecided,doMore,doMore,notSure,12,notSure,moreThree,maybe
1,male,SC_one_bedr,stone,tiled,8,notSure,notSure,notSure,10,near,TRUE,TRUE,TRUE,TRUE,TRUE,TRUE,FALSE,good,boda,salaried,1001_3000,30_000_50_000,15000,n/a,fairlySerious,somewhatProblem,fairlySerious,somewhatProblem,undecided,doMore,doingNothing,notSure,6,notSure,moreThree,maybe
2,female,bedsitter,stone,cemented,6,yes,yes,no,7,near,TRUE,TRUE,TRUE,TRUE,TRUE,TRUE,FALSE,good,tuktuk,salaried,501_1000,10_001_30_000,6000,n/a,fairlySerious,fairlySerious,verySerious,fairlySerious,yes,doMore,doingNothing,notSure,15,notSure,withinaYear,maybe
1,male,bedsitter,stone,cemented,8,yes,yes,no,8,near,TRUE,TRUE,TRUE,TRUE,TRUE,TRUE,FALSE,good,tuktuk,selfEmployed,501_1000,10_001_30_000,6000,n/a,fairlySerious,verySerious,verySerious,somewhatProblem,undecided,doMore,doingNothing,notSure,10,notSure,twoThreeYrs,maybe
3,female,bedsitter,stone,cemented,8,yes,notSure,notSure,9,near,TRUE,TRUE,TRUE,TRUE,TRUE,TRUE,FALSE,good,tuktuk,salaried,501_1000,10_001_30_000,6000,n/a,verySerious,fairlySerious,verySerious,fairlySerious,yes,doMore,doMore,no,16,no,moreThree,maybe
2,male,singleRoom,blockBrick,cemented,5,yes,notSure,no,6,far,TRUE,TRUE,TRUE,TRUE,TRUE,TRUE,FALSE,bad,tuktuk,selfEmployed,501_1000,10_001_30_000,3000,n/a,verySerious,fairlySerious,verySerious,verySerious,undecided,doMore,doingNothing,notSure,14,notSure,withinaYear,maybe
1,female,singleRoom,blockBrick,cemented,4,yes,yes,no,6,far,TRUE,TRUE,TRUE,TRUE,TRUE,TRUE,FALSE,bad,boda,salaried,501_1000,10_001_30_000,3000,n/a,fairlySerious,somewhatProblem,verySerious,somewhatProblem,undecided,doMore,doingNothing,notSure,12,notSure,twoThreeYrs,yes
1,female,singleRoom,blockBrick,cemented,4,notSure,yes,notSure,7,far,TRUE,TRUE,TRUE,TRUE,TRUE,TRUE,FALSE,bad,tuktuk,salaried,501_1000,10_001_30_000,3000,n/a,verySerious,fairlySerious,fairlySerious,somewhatProblem,undecided,doMore,doingNothing,notSure,19,notSure,moreThree,maybe
2,male,singleRoom,blockBrick,cemented,5,yes,notSure,no,5,far,TRUE,TRUE,TRUE,TRUE,TRUE,TRUE,FALSE,bad,tuktuk,salaried,below500,5001_10_000,3000,n/a,somewhatProblem,somewhatProblem,somewhatProblem,somewhatProblem,undecided,doMore,doMore,notSure,16,notSure,moreThree,maybe
3,male,singleRoom,blockBrick,cemented,6,yes,yes,no,6,far,TRUE,TRUE,TRUE,TRUE,TRUE,TRUE,FALSE,bad,tuktuk,selfEmployed,501_1000,10_001_30_000,3000,n/a,verySerious,fairlySerious,verySerious,fairlySerious,undecided,doMore,doMore,notSure,61,notSure,moreThree,maybe
2,male,bedsitter,blockBrick,cemented,5,yes,no,notSure,7,far,TRUE,TRUE,TRUE,TRUE,TRUE,TRUE,FALSE,bad,tuktuk,salaried,501_1000,10_001_30_000,4000,n/a,verySerious,fairlySerious,verySerious,verySerious,undecided,doMore,doingNothing,notSure,35,notSure,moreThree,maybe
2,female,bedsitter,blockBrick,cemented,5,yes,notSure,no,6,far,TRUE,TRUE,TRUE,TRUE,TRUE,TRUE,FALSE,bad,boda,selfEmployed,501_1000,10_001_30_000,4000,n/a,fairlySerious,fairlySerious,verySerious,somewhatProblem,undecided,doMore,doingNothing,notSure,20,notSure,moreThree,maybe
2,male,bedsitter,blockBrick,cemented,6,notSure,notSure,notSure,7,far,TRUE,TRUE,TRUE,TRUE,TRUE,TRUE,FALSE,bad,boda,salaried,501_1000,10_001_30_000,4000,n/a,verySerious,somewhatProblem,verySerious,fairlySerious,undecided,doMore,doingNothing,notSure,24,notSure,moreThree,no
2,female,bedsitter,blockBrick,cemented,7,no,no,no,8,far,TRUE,TRUE,TRUE,TRUE,TRUE,TRUE,FALSE,bad,tuktuk,selfEmployed,501_1000,10_001_30_000,4000,n/a,somewhatProblem,somewhatProblem,verySerious,somewhatProblem,undecided,doMore,doingNothing,notSure,32,notSure,moreThree,maybe
4,female,bedsitter,blockBrick,cemented,3,yes,notSure,notSure,9,far,TRUE,TRUE,TRUE,TRUE,TRUE,TRUE,FALSE,bad,tuktuk,selfEmployed,501_1000,10_001_30_000,4000,n/a,verySerious,fairlySerious,verySerious,verySerious,undecided,doMore,doingNothing,notSure,13,notSure,moreThree,maybe
3,male,bedsitter,blockBrick,cemented,8,yes,yes,no,7,far,TRUE,TRUE,TRUE,TRUE,TRUE,TRUE,FALSE,bad,tuktuk,selfEmployed,501_1000,10_001_30_000,4000,n/a,fairlySerious,verySerious,verySerious,fairlySerious,undecided,doMore,doingNothing,notSure,17,notSure,moreThree,maybe
2,male,bedsitter,blockBrick,cemented,6,yes,notSure,notSure,8,far,TRUE,TRUE,TRUE,TRUE,TRUE,TRUE,FALSE,bad,tuktuk,salaried,501_1000,10_001_30_000,4000,n/a,fairlySerious,verySerious,verySerious,fairlySerious,yes,doMore,doingNothing,notSure,25,notSure,moreThree,maybe
2,female,singleRoom,blockBrick,cemented,5,notSure,notSure,notSure,6,far,TRUE,TRUE,TRUE,TRUE,TRUE,TRUE,FALSE,bad,tuktuk,salaried,501_1000,10_001_30_000,3000,n/a,fairlySerious,somewhatProblem,verySerious,verySerious,undecided,doMore,doingNothing,notSure,24,notSure,moreThree,maybe
4,male,singleRoom,blockBrick,cemented,4,yes,no,no,5,near,TRUE,TRUE,TRUE,FALSE,FALSE,FALSE,FALSE,good,boda,none,below500,5001_10_000,3500,n/a,verySerious,fairlySerious,verySerious,fairlySerious,yes,doMore,doMore,no,2,no,moreThree,yes
1,male,bedsitter,stone,tiled,7,yes,no,yes,8,far,TRUE,TRUE,FALSE,FALSE,TRUE,TRUE,FALSE,bad,boda,selfEmployed,below500,below5000,5000,n/a,somewhatProblem,somewhatProblem,somewhatProblem,somewhatProblem,yes,doMore,doMore,no,2,yes,withinaYear,yes
1,female,singleRoom,blockBrick,cemented,7,yes,yes,notSure,8,far,TRUE,TRUE,FALSE,FALSE,FALSE,FALSE,FALSE,good,boda,none,below500,below5000,3000,n/a,fairlySerious,somewhatProblem,fairlySerious,verySerious,yes,doMore,doingNothing,yes,3,yes,withinaYear,yes
1,male,bedsitter,blockBrick,tiled,8,yes,yes,notSure,8,far,TRUE,FALSE,TRUE,FALSE,TRUE,TRUE,FALSE,good,matatu,selfEmployed,below500,10_001_30_000,6000,n/a,somewhatProblem,somewhatProblem,notProblem,fairlySerious,yes,doMore,doMore,no,5,yes,twoThreeYrs,yes
3,female,singleRoom,mud,earthed,4,yes,yes,yes,3,far,TRUE,FALSE,FALSE,FALSE,FALSE,FALSE,FALSE,bad,boda,none,above3000,10_001_30_000,5000,n/a,fairlySerious,somewhatProblem,somewhatProblem,verySerious,yes,doMore,doMore,yes,2,notSure,withinaYear,yes
5,male,SC_two_bedr,blockBrick,tiled,7,yes,yes,yes,7,near,TRUE,FALSE,TRUE,FALSE,TRUE,TRUE,FALSE,good,matatu,salaried,501_1000,above50_000,10000,n/a,fairlySerious,verySerious,fairlySerious,fairlySerious,yes,doMore,doMore,yes,5,yes,moreThree,yes
1,female,singleRoom,blockBrick,tiled,3,yes,no,no,5,veryFar,TRUE,TRUE,FALSE,FALSE,TRUE,FALSE,FALSE,bad,boda,none,below500,below5000,3000,n/a,somewhatProblem,somewhatProblem,notProblem,verySerious,yes,doingNothing,doingNothing,yes,2,yes,moreThree,yes
1,female,singleRoom,blockBrick,tiled,5,yes,no,no,5,veryFar,FALSE,TRUE,FALSE,FALSE,FALSE,FALSE,FALSE,good,boda,none,below500,below5000,3000,n/a,fairlySerious,fairlySerious,fairlySerious,fairlySerious,yes,doingEnough,doMore,notSure,1,yes,twoThreeYrs,maybe
3,male,singleRoom,blockBrick,cemented,3,yes,yes,no,4,near,TRUE,TRUE,TRUE,FALSE,FALSE,TRUE,FALSE,bad,boda,none,below500,5001_10_000,2500,n/a,verySerious,verySerious,fairlySerious,fairlySerious,yes,doMore,doMore,yes,5,no,immediately,yes
3,male,SC_one_bedr,stone,tiled,7,yes,yes,notSure,9,near,TRUE,FALSE,FALSE,FALSE,FALSE,FALSE,FALSE,good,boda,salaried,501_1000,30_000_50_000,8500,n/a,fairlySerious,verySerious,somewhatProblem,verySerious,yes,doMore,doMore,yes,2,yes,withinaYear,maybe
1,female,singleRoom,blockBrick,tiled,6,yes,no,yes,6,near,TRUE,TRUE,FALSE,FALSE,FALSE,TRUE,FALSE,good,boda,none,below500,below5000,4000,n/a,fairlySerious,fairlySerious,verySerious,fairlySerious,undecided,doMore,doingNothing,notSure,1,notSure,immediately,no
4,male,SC_one_bedr,stone,tiled,7,yes,notSure,notSure,6,near,FALSE,TRUE,FALSE,FALSE,FALSE,FALSE,FALSE,good,boda,salaried,501_1000,10_001_30_000,7500,n/a,fairlySerious,fairlySerious,fairlySerious,fairlySerious,yes,doMore,doMore,yes,3,yes,twoThreeYrs,no
1,male,bedsitter,blockBrick,tiled,6,notSure,no,notSure,8,near,FALSE,TRUE,FALSE,FALSE,FALSE,FALSE,FALSE,bad,boda,none,below500,below5000,4500,n/a,somewhatProblem,fairlySerious,somewhatProblem,somewhatProblem,undecided,doingNothing,doingNothing,notSure,2,yes,withinaYear,maybe
1,female,bedsitter,stone,tiled,8,notSure,yes,notSure,7,veryNear,FALSE,TRUE,FALSE,FALSE,FALSE,TRUE,FALSE,good,tuktuk,selfEmployed,below500,5001_10_000,4000,n/a,somewhatProblem,somewhatProblem,somewhatProblem,fairlySerious,undecided,doingEnough,doMore,yes,2,yes,withinaYear,maybe
2,female,bedsitter,stone,tiled,8,yes,no,notSure,7,near,FALSE,TRUE,FALSE,FALSE,FALSE,FALSE,FALSE,good,boda,none,below500,below5000,4000,n/a,fairlySerious,fairlySerious,fairlySerious,fairlySerious,undecided,doMore,doMore,yes,2,yes,withinaYear,yes
1,male,singleRoom,blockBrick,cemented,7,yes,yes,notSure,6,far,FALSE,FALSE,FALSE,FALSE,FALSE,TRUE,FALSE,good,boda,salaried,501_1000,10_001_30_000,4000,n/a,fairlySerious,fairlySerious,somewhatProblem,fairlySerious,yes,doMore,doMore,notSure,3,yes,twoThreeYrs,yes
1,female,singleRoom,blockBrick,cemented,7,yes,yes,yes,8,near,FALSE,TRUE,TRUE,FALSE,TRUE,TRUE,FALSE,good,boda,salaried,501_1000,10_001_30_000,5000,n/a,fairlySerious,fairlySerious,somewhatProblem,fairlySerious,yes,doMore,doMore,yes,3,yes,twoThreeYrs,maybe
2,female,bedsitter,stone,tiled,8,yes,no,no,9,veryNear,TRUE,FALSE,FALSE,FALSE,TRUE,TRUE,FALSE,good,boda,selfEmployed,501_1000,30_000_50_000,6000,n/a,fairlySerious,fairlySerious,somewhatProblem,somewhatProblem,undecided,doMore,doMore,notSure,1,yes,withinaYear,yes
2,male,doubleRoom,blockBrick,tiled,7,yes,no,no,8,veryNear,TRUE,FALSE,FALSE,TRUE,TRUE,TRUE,FALSE,good,boda,salaried,501_1000,10_001_30_000,6000,n/a,fairlySerious,fairlySerious,somewhatProblem,fairlySerious,yes,doMore,doMore,yes,2,yes,twoThreeYrs,yes
2,female,bedsitter,blockBrick,tiled,7,yes,no,no,8,veryNear,TRUE,FALSE,FALSE,TRUE,TRUE,TRUE,FALSE,good,boda,selfEmployed,501_1000,10_001_30_000,5500,n/a,somewhatProblem,fairlySerious,somewhatProblem,fairlySerious,yes,doMore,doMore,yes,2,yes,twoThreeYrs,maybe
2,female,bedsitter,blockBrick,tiled,8,yes,no,notSure,7,near,TRUE,FALSE,FALSE,FALSE,TRUE,TRUE,FALSE,good,boda,selfEmployed,501_1000,30_000_50_000,6500,n/a,fairlySerious,somewhatProblem,fairlySerious,somewhatProblem,yes,doingEnough,tooMuch,notSure,1,yes,withinaYear,yes
1,male,bedsitter,stone,tiled,9,yes,yes,notSure,9,far,TRUE,TRUE,FALSE,FALSE,FALSE,TRUE,FALSE,good,boda,selfEmployed,below500,10_001_30_000,6500,n/a,fairlySerious,fairlySerious,somewhatProblem,fairlySerious,yes,doMore,doMore,yes,1,notSure,moreThree,yes
2,male,bedsitter,stone,tiled,8,yes,yes,notSure,8,far,TRUE,TRUE,FALSE,FALSE,FALSE,TRUE,FALSE,good,boda,selfEmployed,501_1000,10_001_30_000,6500,n/a,fairlySerious,fairlySerious,somewhatProblem,fairlySerious,undecided,doMore,doMore,yes,1,yes,withinaYear,yes
1,male,bedsitter,stone,tiled,8,yes,yes,notSure,9,far,TRUE,TRUE,FALSE,FALSE,FALSE,TRUE,FALSE,good,boda,selfEmployed,below500,10_001_30_000,6500,n/a,fairlySerious,fairlySerious,somewhatProblem,fairlySerious,yes,doMore,doMore,yes,1,yes,withinaYear,yes
1,male,bedsitter,stone,tiled,9,yes,yes,notSure,8,far,TRUE,TRUE,FALSE,FALSE,FALSE,TRUE,FALSE,good,boda,none,below500,below5000,6500,n/a,fairlySerious,fairlySerious,somewhatProblem,fairlySerious,undecided,doingNothing,doingNothing,yes,1,yes,withinaYear,maybe
1,female,bedsitter,stone,tiled,8,yes,yes,notSure,8,far,TRUE,TRUE,FALSE,FALSE,FALSE,TRUE,FALSE,good,boda,salaried,501_1000,10_001_30_000,6500,n/a,fairlySerious,fairlySerious,somewhatProblem,fairlySerious,yes,doMore,doMore,yes,2,notSure,twoThreeYrs,yes
1,female,bedsitter,stone,tiled,8,yes,yes,notSure,8,far,TRUE,TRUE,FALSE,FALSE,FALSE,TRUE,FALSE,good,boda,salaried,501_1000,10_001_30_000,6500,n/a,fairlySerious,fairlySerious,somewhatProblem,fairlySerious,yes,doMore,doMore,notSure,1,notSure,withinaYear,maybe
2,female,bedsitter,stone,tiled,9,yes,yes,notSure,8,far,TRUE,TRUE,FALSE,FALSE,FALSE,TRUE,FALSE,good,boda,salaried,501_1000,10_001_30_000,6500,n/a,fairlySerious,somewhatProblem,fairlySerious,somewhatProblem,yes,doMore,doMore,notSure,2,notSure,twoThreeYrs,maybe
2,female,bedsitter,stone,tiled,9,yes,yes,notSure,9,far,TRUE,TRUE,FALSE,FALSE,FALSE,TRUE,FALSE,good,boda,salaried,1001_3000,10_001_30_000,6500,n/a,fairlySerious,fairlySerious,somewhatProblem,fairlySerious,undecided,doingNothing,doingNothing,notSure,1,notSure,withinaYear,maybe
1,male,bedsitter,stone,tiled,8,notSure,yes,yes,8,far,TRUE,TRUE,FALSE,FALSE,FALSE,TRUE,FALSE,good,boda,selfEmployed,below500,10_001_30_000,6500,n/a,fairlySerious,fairlySerious,fairlySerious,fairlySerious,yes,doingEnough,doMore,yes,2,notSure,moreThree,yes
2,male,bedsitter,stone,tiled,8,yes,yes,notSure,8,far,TRUE,TRUE,FALSE,FALSE,FALSE,TRUE,FALSE,good,boda,salaried,501_1000,10_001_30_000,6500,n/a,fairlySerious,fairlySerious,somewhatProblem,fairlySerious,yes,doingEnough,doMore,notSure,2,notSure,moreThree,yes
1,male,singleRoom,blockBrick,tiled,7,notSure,no,notSure,8,near,TRUE,FALSE,TRUE,TRUE,TRUE,FALSE,FALSE,good,boda,selfEmployed,below500,10_001_30_000,4000,n/a,fairlySerious,fairlySerious,somewhatProblem,fairlySerious,undecided,doMore,doMore,notSure,1,yes,withinaYear,yes
2,male,singleRoom,blockBrick,tiled,8,notSure,no,notSure,9,near,TRUE,FALSE,TRUE,TRUE,TRUE,FALSE,FALSE,good,boda,salaried,501_1000,10_001_30_000,4000,n/a,fairlySerious,somewhatProblem,fairlySerious,somewhatProblem,undecided,doMore,doMore,notSure,1,no,twoThreeYrs,maybe
1,female,singleRoom,blockBrick,tiled,8,yes,no,notSure,7,near,FALSE,TRUE,TRUE,TRUE,TRUE,FALSE,FALSE,good,boda,salaried,501_1000,10_001_30_000,4000,n/a,fairlySerious,fairlySerious,somewhatProblem,fairlySerious,undecided,doMore,doMore,notSure,2,yes,twoThreeYrs,maybe
2,female,singleRoom,blockBrick,tiled,8,no,no,notSure,9,near,FALSE,TRUE,TRUE,TRUE,TRUE,FALSE,FALSE,good,boda,selfEmployed,501_1000,10_001_30_000,4000,n/a,fairlySerious,somewhatProblem,fairlySerious,somewhatProblem,undecided,doingEnough,doMore,notSure,1,yes,withinaYear,maybe
1,male,singleRoom,blockBrick,tiled,8,no,no,notSure,8,near,FALSE,TRUE,TRUE,TRUE,TRUE,FALSE,FALSE,good,boda,salaried,below500,10_001_30_000,4500,n/a,fairlySerious,somewhatProblem,fairlySerious,somewhatProblem,yes,doMore,doMore,notSure,1,notSure,moreThree,maybe
2,male,singleRoom,blockBrick,tiled,8,notSure,no,yes,8,near,FALSE,TRUE,TRUE,TRUE,TRUE,FALSE,FALSE,good,boda,salaried,501_1000,10_001_30_000,4000,n/a,fairlySerious,fairlySerious,notProblem,fairlySerious,undecided,doingEnough,doMore,notSure,3,notSure,moreThree,maybe
1,female,singleRoom,blockBrick,tiled,8,no,no,notSure,8,near,FALSE,TRUE,TRUE,FALSE,TRUE,FALSE,FALSE,good,boda,selfEmployed,501_1000,10_001_30_000,4000,n/a,fairlySerious,verySerious,somewhatProblem,fairlySerious,undecided,doingEnough,doMore,notSure,2,notSure,twoThreeYrs,maybe
2,male,singleRoom,blockBrick,tiled,7,notSure,no,notSure,8,near,FALSE,TRUE,TRUE,TRUE,TRUE,FALSE,FALSE,good,boda,selfEmployed,below500,10_001_30_000,4000,n/a,fairlySerious,fairlySerious,somewhatProblem,fairlySerious,undecided,doMore,doMore,notSure,1,notSure,withinaYear,maybe
1,male,singleRoom,blockBrick,tiled,7,notSure,no,notSure,7,near,FALSE,TRUE,TRUE,TRUE,TRUE,FALSE,FALSE,good,boda,salaried,below500,10_001_30_000,4000,n/a,fairlySerious,fairlySerious,somewhatProblem,fairlySerious,undecided,doingEnough,doMore,notSure,2,notSure,moreThree,maybe
1,female,singleRoom,blockBrick,tiled,8,no,no,notSure,8,near,FALSE,FALSE,TRUE,TRUE,TRUE,TRUE,FALSE,good,boda,salaried,below500,10_001_30_000,4000,n/a,fairlySerious,somewhatProblem,fairlySerious,somewhatProblem,yes,doMore,doMore,notSure,2,notSure,twoThreeYrs,maybe
2,male,singleRoom,blockBrick,tiled,8,notSure,no,yes,6,near,TRUE,FALSE,TRUE,FALSE,TRUE,TRUE,FALSE,good,boda,salaried,501_1000,10_001_30_000,4000,n/a,fairlySerious,somewhatProblem,fairlySerious,somewhatProblem,undecided,doMore,doMore,notSure,2,notSure,moreThree,maybe
1,male,singleRoom,blockBrick,tiled,8,no,no,notSure,8,near,TRUE,FALSE,TRUE,FALSE,TRUE,TRUE,FALSE,good,boda,selfEmployed,below500,10_001_30_000,4000,n/a,fairlySerious,somewhatProblem,fairlySerious,somewhatProblem,yes,doingEnough,doMore,notSure,3,notSure,moreThree,maybe
4,female,doubleRoom,blockBrick,cemented,4,yes,no,yes,5,far,TRUE,FALSE,TRUE,FALSE,FALSE,TRUE,FALSE,bad,boda,selfEmployed,501_1000,5001_10_000,5000,n/a,somewhatProblem,somewhatProblem,somewhatProblem,somewhatProblem,yes,doMore,doMore,no,5,yes,withinaYear,yes
1,male,singleRoom,blockBrick,cemented,6,yes,yes,notSure,7,far,TRUE,FALSE,TRUE,FALSE,FALSE,TRUE,FALSE,bad,boda,selfEmployed,below500,5001_10_000,2800,n/a,fairlySerious,verySerious,fairlySerious,verySerious,yes,doMore,doMore,no,4,no,moreThree,yes
2,male,bedsitter,blockBrick,tiled,7,yes,yes,no,7,far,TRUE,FALSE,FALSE,FALSE,FALSE,TRUE,FALSE,bad,boda,salaried,501_1000,10_001_30_000,5700,n/a,verySerious,verySerious,fairlySerious,fairlySerious,yes,doMore,doMore,no,6,no,twoThreeYrs,yes
2,male,bedsitter,blockBrick,tiled,8,yes,yes,no,7,far,TRUE,FALSE,FALSE,FALSE,TRUE,TRUE,FALSE,bad,boda,salaried,501_1000,5001_10_000,5700,n/a,verySerious,verySerious,fairlySerious,fairlySerious,yes,doMore,doMore,no,5,no,twoThreeYrs,yes
3,male,bedsitter,blockBrick,tiled,8,yes,yes,notSure,6,far,TRUE,FALSE,FALSE,FALSE,TRUE,TRUE,FALSE,bad,boda,selfEmployed,501_1000,5001_10_000,6000,n/a,verySerious,fairlySerious,verySerious,verySerious,yes,doMore,doMore,no,2,yes,twoThreeYrs,yes
1,female,singleRoom,blockBrick,cemented,5,yes,no,notSure,5,far,TRUE,FALSE,FALSE,FALSE,FALSE,TRUE,FALSE,bad,boda,none,below500,below5000,3000,n/a,verySerious,verySerious,verySerious,verySerious,yes,doMore,doMore,yes,1,no,moreThree,yes
1,female,singleRoom,blockBrick,tiled,7,yes,no,notSure,6,far,FALSE,FALSE,FALSE,FALSE,TRUE,TRUE,FALSE,bad,boda,selfEmployed,below500,below5000,2500,n/a,verySerious,verySerious,verySerious,verySerious,yes,doMore,doMore,no,1,no,moreThree,yes
5,male,SC_one_bedr,blockBrick,tiled,8,yes,yes,notSure,7,far,TRUE,FALSE,TRUE,FALSE,FALSE,TRUE,FALSE,bad,boda,salaried,1001_3000,10_001_30_000,0,n/a,verySerious,verySerious,verySerious,verySerious,no,doMore,doMore,no,10,yes,withinaYear,yes
5,male,SC_two_bedr,blockBrick,tiled,8,yes,yes,notSure,7,far,TRUE,FALSE,FALSE,FALSE,TRUE,TRUE,FALSE,bad,boda,salaried,1001_3000,10_001_30_000,0,n/a,verySerious,verySerious,verySerious,verySerious,no,doMore,doMore,no,8,yes,twoThreeYrs,yes
1,female,singleRoom,blockBrick,cemented,6,yes,no,notSure,6,far,TRUE,FALSE,FALSE,FALSE,FALSE,TRUE,FALSE,bad,boda,none,below500,below5000,2500,n/a,verySerious,verySerious,verySerious,verySerious,yes,doMore,doMore,no,3,no,withinaYear,yes
4,female,doubleRoom,blockBrick,cemented,5,yes,no,notSure,7,far,TRUE,FALSE,FALSE,FALSE,TRUE,TRUE,FALSE,bad,boda,selfEmployed,below500,below5000,4000,n/a,verySerious,verySerious,verySerious,verySerious,yes,doMore,doMore,no,6,yes,moreThree,yes
2,male,bedsitter,blockBrick,tiled,8,yes,yes,no,8,far,TRUE,FALSE,FALSE,FALSE,TRUE,TRUE,FALSE,bad,boda,selfEmployed,501_1000,5001_10_000,5500,n/a,verySerious,verySerious,verySerious,verySerious,yes,doingNothing,doingNothing,yes,5,no,moreThree,yes
2,female,singleRoom,blockBrick,tiled,7,yes,yes,notSure,7,far,TRUE,FALSE,FALSE,FALSE,FALSE,TRUE,FALSE,bad,boda,selfEmployed,below500,below5000,3800,n/a,verySerious,verySerious,verySerious,verySerious,yes,doingNothing,doingNothing,no,4,yes,twoThreeYrs,yes
1,female,bedsitter,blockBrick,tiled,7,yes,yes,no,7,far,FALSE,FALSE,FALSE,FALSE,FALSE,TRUE,FALSE,good,boda,selfEmployed,501_1000,5001_10_000,5600,n/a,verySerious,verySerious,verySerious,verySerious,yes,doingNothing,doingNothing,no,5,no,moreThree,yes
3,male,singleRoom,blockBrick,tiled,8,yes,yes,notSure,7,far,TRUE,FALSE,FALSE,FALSE,TRUE,TRUE,FALSE,bad,boda,selfEmployed,below500,5001_10_000,3500,n/a,verySerious,verySerious,verySerious,verySerious,yes,doingNothing,doingNothing,no,6,yes,moreThree,yes
1,female,singleRoom,blockBrick,tiled,7,yes,no,notSure,7,far,TRUE,FALSE,FALSE,FALSE,FALSE,TRUE,FALSE,bad,boda,none,below500,below5000,2500,n/a,verySerious,verySerious,verySerious,verySerious,yes,doMore,doMore,no,1,no,moreThree,yes
5,male,SC_one_bedr,stone,tiled,8,yes,yes,no,7,far,FALSE,FALSE,FALSE,FALSE,FALSE,TRUE,FALSE,good,boda,salaried,1001_3000,30_000_50_000,0,n/a,verySerious,verySerious,verySerious,verySerious,yes,doingNothing,doingNothing,no,15,no,moreThree,yes
2,male,singleRoom,blockBrick,cemented,7,yes,no,notSure,7,far,FALSE,FALSE,FALSE,FALSE,FALSE,TRUE,FALSE,good,boda,none,below500,below5000,2800,n/a,verySerious,verySerious,verySerious,verySerious,yes,doMore,doMore,no,3,no,moreThree,yes
4,male,bedsitter,blockBrick,tiled,8,yes,yes,notSure,8,far,TRUE,FALSE,FALSE,FALSE,FALSE,TRUE,FALSE,good,boda,selfEmployed,501_1000,5001_10_000,4800,n/a,verySerious,verySerious,verySerious,verySerious,yes,doMore,doMore,no,4,no,moreThree,yes
1,female,singleRoom,blockBrick,cemented,8,yes,no,notSure,6,far,FALSE,FALSE,FALSE,FALSE,FALSE,TRUE,FALSE,bad,boda,none,below500,below5000,2200,n/a,verySerious,verySerious,verySerious,verySerious,yes,doingNothing,doingNothing,no,6,no,moreThree,yes
4,male,SC_one_bedr,blockBrick,tiled,8,yes,yes,notSure,7,far,TRUE,FALSE,FALSE,FALSE,FALSE,TRUE,FALSE,bad,boda,selfEmployed,501_1000,5001_10_000,6000,n/a,verySerious,verySerious,verySerious,verySerious,yes,doMore,doMore,no,10,no,moreThree,yes
2,female,singleRoom,blockBrick,cemented,5,yes,no,notSure,6,far,FALSE,FALSE,FALSE,FALSE,FALSE,TRUE,FALSE,good,other,selfEmployed,below500,below5000,2200,n/a,verySerious,verySerious,verySerious,verySerious,yes,doingNothing,doMore,no,5,no,moreThree,yes
1,female,singleRoom,blockBrick,cemented,4,yes,no,notSure,7,veryFar,TRUE,FALSE,FALSE,FALSE,TRUE,TRUE,FALSE,good,boda,none,below500,below5000,1800,n/a,verySerious,fairlySerious,verySerious,verySerious,yes,doMore,doMore,notSure,2,yes,twoThreeYrs,yes
4,male,SC_two_bedr,blockBrick,tiled,8,yes,yes,no,7,far,TRUE,FALSE,FALSE,FALSE,TRUE,TRUE,TRUE,good,boda,salaried,1001_3000,30_000_50_000,0,n/a,verySerious,verySerious,verySerious,verySerious,yes,doingNothing,doingNothing,no,15,yes,twoThreeYrs,yes
4,male,SC_two_bedr,blockBrick,earthed,7,yes,yes,notSure,8,near,TRUE,FALSE,TRUE,FALSE,TRUE,TRUE,FALSE,good,other,salaried,1001_3000,30_000_50_000,0,n/a,verySerious,fairlySerious,fairlySerious,verySerious,yes,doMore,doMore,no,13,no,moreThree,yes
6,male,SC_three_bedr,stone,tiled,8,yes,yes,no,8,far,TRUE,FALSE,FALSE,FALSE,TRUE,TRUE,TRUE,good,other,salaried,1001_3000,30_000_50_000,0,n/a,verySerious,verySerious,verySerious,fairlySerious,yes,doingNothing,doingNothing,no,20,notSure,moreThree,maybe
1,female,singleRoom,blockBrick,earthed,5,yes,no,notSure,6,far,TRUE,FALSE,FALSE,FALSE,FALSE,TRUE,FALSE,bad,boda,none,below500,below5000,2300,n/a,verySerious,verySerious,verySerious,verySerious,yes,doingNothing,doingNothing,no,3,no,withinaYear,maybe
1,male,singleRoom,stone,cemented,6,yes,no,notSure,7,far,TRUE,FALSE,FALSE,FALSE,FALSE,TRUE,TRUE,good,boda,none,below500,below5000,2200,n/a,verySerious,verySerious,verySerious,verySerious,yes,doMore,doMore,no,6,no,moreThree,yes
2,male,singleRoom,blockBrick,tiled,7,yes,no,notSure,7,far,TRUE,FALSE,FALSE,FALSE,FALSE,FALSE,FALSE,good,boda,selfEmployed,below500,below5000,2500,n/a,verySerious,fairlySerious,verySerious,fairlySerious,yes,doingNothing,doingNothing,no,7,notSure,moreThree,yes
3,male,bedsitter,blockBrick,tiled,7,yes,yes,notSure,5,far,TRUE,FALSE,FALSE,FALSE,TRUE,TRUE,TRUE,bad,boda,selfEmployed,501_1000,10_001_30_000,6500,n/a,verySerious,verySerious,verySerious,verySerious,yes,doMore,doMore,no,10,notSure,twoThreeYrs,maybe
2,male,bedsitter,stone,tiled,7,yes,yes,no,6,far,TRUE,FALSE,FALSE,FALSE,FALSE,TRUE,TRUE,good,boda,selfEmployed,501_1000,5001_10_000,6500,n/a,verySerious,fairlySerious,fairlySerious,verySerious,yes,doingNothing,doMore,no,7,no,twoThreeYrs,yes
1,female,singleRoom,blockBrick,cemented,6,yes,no,notSure,7,far,TRUE,FALSE,FALSE,FALSE,TRUE,TRUE,TRUE,bad,boda,none,below500,below5000,2500,n/a,verySerious,verySerious,verySerious,verySerious,yes,doingNothing,doingNothing,no,1,no,twoThreeYrs,maybe
5,male,doubleRoom,stone,cemented,7,yes,no,yes,7,far,TRUE,FALSE,FALSE,FALSE,TRUE,TRUE,TRUE,good,boda,selfEmployed,below500,5001_10_000,4000,n/a,verySerious,verySerious,verySerious,verySerious,yes,doingNothing,doingNothing,no,11,no,moreThree,maybe
3,male,SC_one_bedr,stone,tiled,7,yes,yes,notSure,7,far,TRUE,FALSE,FALSE,TRUE,TRUE,TRUE,FALSE,good,other,salaried,1001_3000,30_000_50_000,0,n/a,verySerious,verySerious,verySerious,verySerious,yes,doMore,doMore,no,10,notSure,moreThree,yes
3,female,bedsitter,stone,tiled,8,yes,yes,no,7,far,TRUE,FALSE,FALSE,FALSE,TRUE,TRUE,TRUE,good,boda,selfEmployed,below500,below5000,4000,n/a,verySerious,fairlySerious,verySerious,fairlySerious,yes,doingNothing,doingNothing,no,5,notSure,moreThree,yes
1,female,singleRoom,blockBrick,cemented,7,yes,no,notSure,6,far,TRUE,FALSE,TRUE,FALSE,TRUE,TRUE,FALSE,good,boda,none,below500,below5000,2500,n/a,verySerious,fairlySerious,fairlySerious,fairlySerious,yes,doingNothing,doingNothing,no,2,no,twoThreeYrs,yes
2,male,doubleRoom,blockBrick,cemented,6,yes,no,no,7,far,TRUE,FALSE,FALSE,FALSE,TRUE,TRUE,TRUE,bad,boda,none,below500,below5000,0,n/a,verySerious,verySerious,verySerious,verySerious,no,doingNothing,doingNothing,no,13,notSure,moreThree,maybe
1,female,singleRoom,blockBrick,cemented,5,yes,no,no,6,far,TRUE,FALSE,TRUE,FALSE,TRUE,TRUE,TRUE,good,boda,selfEmployed,below500,below5000,3500,n/a,verySerious,verySerious,verySerious,verySerious,yes,doingNothing,doingNothing,no,3,no,moreThree,yes
4,male,SC_one_bedr,stone,tiled,6,yes,yes,no,7,near,TRUE,FALSE,TRUE,TRUE,TRUE,TRUE,TRUE,good,other,selfEmployed,1001_3000,10_001_30_000,10000,n/a,verySerious,verySerious,verySerious,fairlySerious,yes,doMore,doMore,no,15,no,twoThreeYrs,yes
1,male,singleRoom,blockBrick,cemented,6,yes,no,notSure,7,far,TRUE,FALSE,TRUE,FALSE,TRUE,TRUE,FALSE,bad,boda,none,below500,below5000,2500,n/a,verySerious,verySerious,verySerious,fairlySerious,yes,doMore,doMore,no,2,no,moreThree,yes
2,male,singleRoom,blockBrick,cemented,5,yes,no,notSure,6,far,TRUE,FALSE,FALSE,FALSE,FALSE,TRUE,FALSE,good,boda,selfEmployed,below500,below5000,2800,n/a,verySerious,verySerious,verySerious,verySerious,yes,doingNothing,doingNothing,no,7,notSure,moreThree,no
1,female,singleRoom,blockBrick,tiled,5,yes,no,notSure,6,far,TRUE,FALSE,FALSE,FALSE,FALSE,FALSE,TRUE,good,boda,none,below500,below5000,2500,n/a,fairlySerious,verySerious,verySerious,verySerious,yes,doingNothing,doingNothing,no,1,no,moreThree,maybe
1,male,bedsitter,stone,tiled,6,yes,yes,no,8,far,TRUE,FALSE,FALSE,FALSE,TRUE,TRUE,TRUE,good,boda,selfEmployed,501_1000,10_001_30_000,6800,n/a,verySerious,fairlySerious,verySerious,verySerious,yes,doingNothing,doMore,no,9,notSure,moreThree,maybe
2,female,SC_one_bedr,stone,cemented,9,yes,yes,notSure,7,near,TRUE,FALSE,FALSE,TRUE,TRUE,TRUE,FALSE,good,boda,salaried,501_1000,10_001_30_000,5000,n/a,verySerious,verySerious,verySerious,verySerious,yes,doingNothing,doMore,no,12,no,twoThreeYrs,yes
1,male,singleRoom,stone,cemented,6,yes,no,notSure,6,far,TRUE,FALSE,FALSE,FALSE,TRUE,TRUE,TRUE,bad,boda,none,below500,below5000,2500,n/a,verySerious,fairlySerious,fairlySerious,verySerious,yes,doMore,doMore,no,11,no,moreThree,yes
4,male,SC_three_bedr,stone,tiled,7,yes,yes,no,8,near,TRUE,FALSE,FALSE,TRUE,TRUE,TRUE,FALSE,good,other,salaried,501_1000,30_000_50_000,0,n/a,fairlySerious,verySerious,verySerious,verySerious,yes,doingNothing,doMore,no,15,notSure,moreThree,yes
5,male,SC_three_bedr,stone,tiled,9,yes,yes,notSure,8,near,TRUE,FALSE,TRUE,TRUE,TRUE,TRUE,TRUE,good,other,salaried,1001_3000,30_000_50_000,0,n/a,verySerious,verySerious,verySerious,verySerious,yes,doingNothing,doMore,no,10,notSure,moreThree,yes
1,male,singleRoom,blockBrick,tiled,8,yes,no,no,6,veryFar,TRUE,FALSE,TRUE,FALSE,TRUE,TRUE,FALSE,bad,boda,none,below500,below5000,1800,n/a,verySerious,verySerious,verySerious,verySerious,yes,doingNothing,doingNothing,no,1,notSure,moreThree,yes
5,female,SC_two_bedr,stone,tiled,8,yes,yes,notSure,8,near,TRUE,TRUE,TRUE,TRUE,TRUE,TRUE,TRUE,good,other,salaried,1001_3000,10_001_30_000,0,n/a,verySerious,fairlySerious,verySerious,verySerious,yes,doMore,doMore,no,15,notSure,moreThree,maybe
1,female,singleRoom,blockBrick,cemented,5,yes,no,yes,6,far,TRUE,FALSE,FALSE,FALSE,TRUE,TRUE,TRUE,bad,boda,none,below500,below5000,2000,n/a,fairlySerious,fairlySerious,fairlySerious,fairlySerious,yes,doMore,doMore,no,1,no,moreThree,maybe
1,male,singleRoom,mud,earthed,5,yes,no,notSure,4,far,TRUE,FALSE,FALSE,FALSE,FALSE,TRUE,FALSE,bad,boda,none,below500,below5000,0,n/a,verySerious,verySerious,verySerious,verySerious,yes,doingNothing,doMore,no,3,no,moreThree,maybe
1,male,singleRoom,mud,earthed,5,yes,no,notSure,6,far,TRUE,FALSE,FALSE,FALSE,TRUE,FALSE,FALSE,bad,boda,none,below500,below5000,0,n/a,verySerious,verySerious,verySerious,verySerious,yes,doingNothing,doingNothing,no,12,no,moreThree,maybe
4,female,doubleRoom,stone,cemented,5,yes,no,notSure,6,far,TRUE,FALSE,FALSE,FALSE,TRUE,TRUE,FALSE,bad,boda,selfEmployed,501_1000,5001_10_000,4500,n/a,verySerious,fairlySerious,fairlySerious,verySerious,yes,doingNothing,doingNothing,no,12,yes,withinaYear,maybe
2,male,bedsitter,blockBrick,tiled,7,yes,yes,no,7,near,TRUE,FALSE,TRUE,TRUE,TRUE,TRUE,FALSE,good,boda,salaried,501_1000,10_001_30_000,6000,n/a,verySerious,verySerious,verySerious,verySerious,yes,doMore,doingNothing,no,6,no,moreThree,maybe
5,female,SC_two_bedr,stone,tiled,9,yes,yes,notSure,10,far,TRUE,FALSE,TRUE,TRUE,TRUE,TRUE,TRUE,bad,other,salaried,501_1000,30_000_50_000,0,n/a,verySerious,verySerious,verySerious,verySerious,yes,doingNothing,doMore,no,15,yes,moreThree,yes
1,male,bedsitter,blockBrick,tiled,8,yes,yes,notSure,8,far,TRUE,FALSE,FALSE,FALSE,FALSE,TRUE,FALSE,bad,boda,none,below500,below5000,6440,n/a,verySerious,verySerious,verySerious,verySerious,yes,doingNothing,doingNothing,no,10,notSure,moreThree,yes
1,female,singleRoom,blockBrick,cemented,5,yes,no,no,6,far,TRUE,FALSE,FALSE,FALSE,FALSE,TRUE,TRUE,bad,boda,none,below500,below5000,3000,n/a,verySerious,fairlySerious,verySerious,verySerious,yes,doMore,doMore,no,4,notSure,twoThreeYrs,maybe
3,male,bedsitter,stone,tiled,7,yes,no,yes,8,near,TRUE,FALSE,TRUE,FALSE,TRUE,TRUE,FALSE,bad,boda,selfEmployed,501_1000,5001_10_000,8000,n/a,verySerious,verySerious,fairlySerious,fairlySerious,yes,doingNothing,doingNothing,no,12,yes,twoThreeYrs,maybe
1,female,singleRoom,blockBrick,tiled,5,yes,no,notSure,5,far,TRUE,FALSE,FALSE,FALSE,FALSE,TRUE,FALSE,bad,boda,none,below500,below5000,3000,n/a,verySerious,fairlySerious,fairlySerious,fairlySerious,yes,doingNothing,doMore,no,1,no,withinaYear,maybe
1,male,singleRoom,blockBrick,tiled,6,yes,yes,no,4,veryFar,TRUE,FALSE,FALSE,FALSE,TRUE,TRUE,FALSE,good,boda,selfEmployed,501_1000,5001_10_000,0,n/a,verySerious,verySerious,verySerious,verySerious,yes,doingNothing,doingNothing,no,15,yes,moreThree,yes
1,female,singleRoom,mud,earthed,4,yes,no,yes,4,far,TRUE,FALSE,FALSE,FALSE,FALSE,TRUE,FALSE,bad,boda,selfEmployed,below500,below5000,0,n/a,verySerious,verySerious,verySerious,verySerious,yes,doingNothing,doMore,no,10,notSure,twoThreeYrs,maybe
5,male,doubleRoom,mud,earthed,3,yes,no,notSure,5,far,TRUE,FALSE,FALSE,FALSE,TRUE,TRUE,TRUE,bad,boda,selfEmployed,below500,below5000,0,n/a,verySerious,fairlySerious,verySerious,fairlySerious,yes,doingNothing,doingNothing,notSure,20,no,twoThreeYrs,maybe
1,male,bedsitter,blockBrick,tiled,8,yes,yes,notSure,8,near,TRUE,FALSE,TRUE,TRUE,TRUE,TRUE,TRUE,good,other,selfEmployed,501_1000,10_001_30_000,8000,n/a,verySerious,verySerious,verySerious,verySerious,yes,doingNothing,doingNothing,yes,15,no,immediately,maybe
2,male,singleRoom,blockBrick,cemented,6,yes,no,yes,5,near,TRUE,TRUE,TRUE,TRUE,TRUE,TRUE,TRUE,bad,boda,selfEmployed,501_1000,10_001_30_000,3000,n/a,fairlySerious,verySerious,verySerious,fairlySerious,yes,doMore,doMore,no,8,no,twoThreeYrs,maybe
1,female,bedsitter,blockBrick,tiled,5,yes,no,yes,6,far,TRUE,TRUE,TRUE,FALSE,TRUE,TRUE,FALSE,bad,boda,none,below500,below5000,6000,n/a,fairlySerious,somewhatProblem,verySerious,fairlySerious,yes,doMore,doMore,no,2,no,twoThreeYrs,maybe
5,male,SC_two_bedr,stone,tiled,8,yes,yes,no,9,far,TRUE,FALSE,TRUE,FALSE,TRUE,TRUE,FALSE,bad,other,salaried,1001_3000,30_000_50_000,0,n/a,verySerious,fairlySerious,fairlySerious,verySerious,yes,doingNothing,doingNothing,no,20,no,moreThree,maybe
1,female,singleRoom,stone,cemented,4,yes,no,notSure,5,far,TRUE,FALSE,FALSE,FALSE,FALSE,TRUE,FALSE,bad,boda,none,below500,below5000,2400,n/a,verySerious,verySerious,verySerious,verySerious,yes,doingNothing,doingNothing,no,3,no,moreThree,maybe
1,male,singleRoom,blockBrick,cemented,2,yes,no,no,7,veryFar,TRUE,FALSE,FALSE,FALSE,FALSE,TRUE,FALSE,bad,boda,selfEmployed,below500,below5000,0,n/a,verySerious,verySerious,verySerious,fairlySerious,yes,doingNothing,doingNothing,no,15,no,twoThreeYrs,maybe
1,male,SC_three_bedr,stone,tiled,8,yes,yes,no,8,far,TRUE,FALSE,FALSE,FALSE,TRUE,TRUE,FALSE,bad,other,salaried,1001_3000,30_000_50_000,0,n/a,verySerious,fairlySerious,verySerious,fairlySerious,yes,doMore,doMore,no,15,yes,twoThreeYrs,maybe
1,female,singleRoom,blockBrick,cemented,8,yes,no,notSure,5,far,TRUE,FALSE,FALSE,FALSE,FALSE,TRUE,FALSE,bad,boda,none,below500,below5000,2500,n/a,verySerious,fairlySerious,verySerious,fairlySerious,yes,doingNothing,doMore,no,6,notSure,moreThree,maybe
5,female,doubleRoom,stone,cemented,5,yes,no,notSure,7,far,TRUE,FALSE,FALSE,FALSE,FALSE,TRUE,FALSE,bad,tuktuk,selfEmployed,501_1000,10_001_30_000,4000,n/a,fairlySerious,fairlySerious,fairlySerious,verySerious,yes,doingNothing,doMore,no,17,no,twoThreeYrs,maybe
1,male,singleRoom,mud,earthed,5,yes,no,yes,4,far,TRUE,FALSE,FALSE,FALSE,TRUE,TRUE,FALSE,bad,boda,none,below500,below5000,1000,n/a,verySerious,verySerious,verySerious,verySerious,yes,doingNothing,doingNothing,no,1,no,moreThree,maybe
1,female,bedsitter,stone,tiled,7,yes,yes,notSure,7,near,TRUE,TRUE,TRUE,TRUE,TRUE,TRUE,TRUE,bad,boda,selfEmployed,501_1000,5001_10_000,6800,n/a,verySerious,verySerious,verySerious,verySerious,yes,doingNothing,doingNothing,no,1,yes,twoThreeYrs,yes
4,male,bedsitter,stone,tiled,9,yes,yes,notSure,9,near,TRUE,TRUE,TRUE,TRUE,TRUE,TRUE,TRUE,good,boda,salaried,501_1000,10_001_30_000,6000,n/a,verySerious,verySerious,verySerious,verySerious,yes,doMore,doMore,yes,15,yes,moreThree,maybe
5,female,other,mud,earthed,5,yes,yes,notSure,5,veryFar,TRUE,FALSE,FALSE,FALSE,FALSE,TRUE,TRUE,veryBad,boda,none,below500,below5000,0,n/a,verySerious,verySerious,verySerious,verySerious,yes,doingNothing,doingNothing,no,13,no,moreThree,maybe
2,male,bedsitter,blockBrick,tiled,7,yes,yes,notSure,8,far,TRUE,FALSE,TRUE,FALSE,TRUE,TRUE,TRUE,bad,boda,selfEmployed,501_1000,10_001_30_000,8000,n/a,verySerious,verySerious,verySerious,verySerious,yes,doingNothing,doMore,no,15,no,moreThree,maybe
1,female,bedsitter,blockBrick,tiled,8,yes,yes,notSure,8,near,TRUE,TRUE,TRUE,TRUE,TRUE,TRUE,TRUE,good,tuktuk,selfEmployed,501_1000,10_001_30_000,8000,n/a,verySerious,verySerious,fairlySerious,fairlySerious,yes,doingNothing,doMore,no,10,notSure,twoThreeYrs,yes
3,male,SC_one_bedr,blockBrick,tiled,8,yes,yes,notSure,9,near,TRUE,TRUE,TRUE,TRUE,TRUE,TRUE,TRUE,good,other,salaried,1001_3000,30_000_50_000,12000,n/a,verySerious,fairlySerious,fairlySerious,verySerious,yes,doMore,doMore,no,10,notSure,moreThree,maybe
1,male,singleRoom,stone,tiled,5,yes,yes,notSure,6,far,TRUE,FALSE,FALSE,FALSE,FALSE,TRUE,FALSE,bad,boda,none,below500,below5000,2000,n/a,verySerious,verySerious,verySerious,verySerious,yes,doingNothing,doMore,no,1,no,moreThree,maybe
2,male,bedsitter,stone,tiled,8,yes,yes,notSure,8,far,TRUE,FALSE,FALSE,FALSE,TRUE,TRUE,TRUE,good,boda,selfEmployed,501_1000,5001_10_000,6500,n/a,verySerious,verySerious,verySerious,verySerious,yes,doMore,doMore,no,14,yes,twoThreeYrs,yes
4,male,doubleRoom,blockBrick,cemented,6,yes,no,no,7,far,TRUE,FALSE,FALSE,FALSE,TRUE,TRUE,TRUE,good,tuktuk,selfEmployed,501_1000,5001_10_000,5000,n/a,fairlySerious,fairlySerious,verySerious,verySerious,yes,doMore,doMore,no,6,notSure,twoThreeYrs,maybe
1,female,singleRoom,mud,earthed,6,yes,no,yes,6,far,TRUE,FALSE,TRUE,FALSE,TRUE,TRUE,TRUE,bad,boda,selfEmployed,below500,below5000,0,n/a,verySerious,verySerious,verySerious,verySerious,yes,doingNothing,doMore,no,10,notSure,moreThree,maybe
1,female,singleRoom,blockBrick,tiled,5,yes,yes,no,5,far,TRUE,FALSE,FALSE,FALSE,TRUE,TRUE,FALSE,bad,boda,selfEmployed,501_1000,5001_10_000,2800,n/a,verySerious,fairlySerious,verySerious,fairlySerious,yes,doingNothing,doingNothing,no,11,yes,moreThree,yes
4,female,bedsitter,stone,cemented,6,yes,yes,notSure,6,far,TRUE,FALSE,FALSE,FALSE,TRUE,TRUE,TRUE,bad,tuktuk,selfEmployed,501_1000,5001_10_000,5000,n/a,verySerious,fairlySerious,verySerious,verySerious,yes,doMore,doMore,no,13,notSure,twoThreeYrs,yes
1,male,singleRoom,blockBrick,cemented,5,yes,no,yes,5,far,TRUE,FALSE,FALSE,FALSE,FALSE,TRUE,FALSE,bad,tuktuk,none,below500,below5000,2000,n/a,verySerious,verySerious,verySerious,verySerious,yes,doMore,doMore,no,1,no,moreThree,maybe
2,male,bedsitter,blockBrick,tiled,5,yes,yes,notSure,5,far,TRUE,FALSE,TRUE,FALSE,TRUE,TRUE,TRUE,good,boda,salaried,501_1000,10_001_30_000,6800,n/a,verySerious,verySerious,verySerious,verySerious,yes,doingNothing,doMore,no,6,yes,withinaYear,maybe
1,female,bedsitter,blockBrick,tiled,6,yes,yes,notSure,7,far,TRUE,FALSE,FALSE,FALSE,TRUE,TRUE,FALSE,bad,boda,salaried,501_1000,10_001_30_000,5500,n/a,fairlySerious,verySerious,fairlySerious,fairlySerious,yes,doMore,doingNothing,yes,5,notSure,twoThreeYrs,yes
1,female,bedsitter,blockBrick,tiled,7,yes,yes,notSure,8,far,TRUE,FALSE,TRUE,FALSE,TRUE,TRUE,FALSE,bad,boda,selfEmployed,501_1000,10_001_30_000,6000,n/a,verySerious,verySerious,verySerious,verySerious,yes,doingNothing,doingNothing,no,11,yes,twoThreeYrs,yes
6,male,SC_two_bedr,stone,tiled,8,yes,yes,notSure,8,near,TRUE,TRUE,TRUE,FALSE,TRUE,TRUE,TRUE,good,other,salaried,1001_3000,30_000_50_000,15000,n/a,fairlySerious,verySerious,fairlySerious,fairlySerious,yes,doingNothing,doMore,no,21,no,moreThree,yes
1,female,singleRoom,mud,earthed,4,yes,no,yes,5,far,FALSE,FALSE,FALSE,FALSE,TRUE,TRUE,FALSE,bad,boda,none,below500,below5000,0,n/a,verySerious,verySerious,verySerious,verySerious,yes,doingNothing,doingNothing,no,7,notSure,moreThree,maybe
1,male,bedsitter,stone,tiled,6,yes,yes,notSure,7,near,TRUE,TRUE,TRUE,TRUE,TRUE,TRUE,TRUE,good,boda,selfEmployed,501_1000,5001_10_000,6000,n/a,verySerious,verySerious,verySerious,verySerious,yes,doingNothing,doMore,no,15,yes,moreThree,yes
1,male,singleRoom,blockBrick,cemented,5,yes,no,notSure,5,far,TRUE,FALSE,FALSE,FALSE,TRUE,TRUE,FALSE,bad,tuktuk,selfEmployed,below500,below5000,2500,n/a,verySerious,verySerious,verySerious,verySerious,yes,doingNothing,doMore,no,1,yes,moreThree,yes
1,female,bedsitter,stone,tiled,7,yes,yes,notSure,7,far,TRUE,FALSE,TRUE,FALSE,TRUE,TRUE,TRUE,bad,boda,selfEmployed,below500,below5000,6000,n/a,verySerious,verySerious,verySerious,verySerious,yes,doingNothing,doMore,no,4,notSure,moreThree,maybe
4,male,doubleRoom,stone,cemented,6,yes,yes,notSure,6,far,TRUE,FALSE,FALSE,FALSE,TRUE,TRUE,TRUE,bad,tuktuk,selfEmployed,below500,below5000,4500,n/a,verySerious,fairlySerious,verySerious,verySerious,yes,doingNothing,doMore,no,6,notSure,twoThreeYrs,maybe
1,male,singleRoom,blockBrick,earthed,5,yes,no,notSure,5,far,TRUE,FALSE,FALSE,FALSE,TRUE,FALSE,FALSE,bad,boda,none,below500,below5000,1500,n/a,verySerious,verySerious,verySerious,verySerious,yes,doingNothing,doingNothing,no,10,notSure,moreThree,maybe
4,male,SC_two_bedr,stone,tiled,8,yes,yes,notSure,8,far,TRUE,FALSE,TRUE,FALSE,TRUE,TRUE,FALSE,good,other,salaried,501_1000,30_000_50_000,0,n/a,verySerious,verySerious,verySerious,verySerious,yes,doMore,doMore,no,17,notSure,moreThree,maybe
1,male,bedsitter,blockBrick,tiled,7,yes,yes,notSure,7,near,TRUE,TRUE,TRUE,TRUE,TRUE,TRUE,TRUE,good,boda,selfEmployed,501_1000,10_001_30_000,6500,n/a,verySerious,verySerious,verySerious,fairlySerious,yes,doingNothing,doMore,no,4,notSure,withinaYear,yes
2,male,bedsitter,blockBrick,tiled,7,yes,yes,no,7,near,TRUE,TRUE,TRUE,TRUE,TRUE,TRUE,TRUE,good,boda,salaried,501_1000,10_001_30_000,6000,n/a,verySerious,fairlySerious,fairlySerious,fairlySerious,yes,doingNothing,doingNothing,no,8,yes,twoThreeYrs,maybe
1,female,bedsitter,stone,tiled,7,yes,yes,notSure,7,far,TRUE,FALSE,FALSE,FALSE,TRUE,TRUE,TRUE,bad,boda,selfEmployed,501_1000,5001_10_000,5000,n/a,verySerious,verySerious,verySerious,verySerious,yes,doingNothing,doMore,yes,8,notSure,moreThree,yes
1,female,singleRoom,blockBrick,cemented,6,yes,yes,no,7,far,FALSE,FALSE,FALSE,FALSE,TRUE,TRUE,TRUE,bad,boda,selfEmployed,below500,below5000,2000,n/a,verySerious,verySerious,verySerious,verySerious,yes,doingNothing,doMore,no,5,yes,twoThreeYrs,maybe
2,female,doubleRoom,stone,cemented,6,yes,no,yes,6,veryNear,TRUE,TRUE,TRUE,FALSE,FALSE,TRUE,FALSE,good,boda,salaried,below500,5001_10_000,4000,n/a,somewhatProblem,somewhatProblem,somewhatProblem,somewhatProblem,yes,doMore,doMore,no,5,yes,withinaYear,yes
1,male,singleRoom,blockBrick,cemented,5,yes,no,yes,4,near,TRUE,TRUE,TRUE,TRUE,TRUE,FALSE,FALSE,bad,boda,none,below500,below5000,1500,n/a,somewhatProblem,somewhatProblem,somewhatProblem,somewhatProblem,yes,doMore,doMore,no,4,yes,twoThreeYrs,yes
2,male,bedsitter,stone,tiled,8,yes,no,yes,5,near,TRUE,TRUE,TRUE,TRUE,TRUE,TRUE,FALSE,good,boda,salaried,below500,5001_10_000,5000,n/a,notProblem,notProblem,notProblem,notProblem,yes,doMore,doMore,no,3,yes,twoThreeYrs,yes
6,female,SC_three_bedr,stone,tiled,8,yes,yes,yes,8,near,TRUE,FALSE,TRUE,FALSE,TRUE,TRUE,FALSE,good,boda,none,501_1000,above50_000,6000,n/a,somewhatProblem,somewhatProblem,somewhatProblem,somewhatProblem,yes,doMore,doMore,no,14,no,twoThreeYrs,maybe
1,male,singleRoom,stone,cemented,5,yes,yes,yes,5,far,TRUE,TRUE,TRUE,FALSE,FALSE,TRUE,FALSE,bad,matatu,selfEmployed,below500,10_001_30_000,3000,n/a,fairlySerious,fairlySerious,fairlySerious,fairlySerious,yes,doMore,doMore,no,5,yes,withinaYear,maybe
3,male,doubleRoom,blockBrick,earthed,3,yes,no,yes,4,far,TRUE,TRUE,TRUE,TRUE,TRUE,FALSE,FALSE,good,boda,none,below500,below5000,2000,n/a,somewhatProblem,somewhatProblem,somewhatProblem,somewhatProblem,yes,doMore,doMore,no,8,yes,twoThreeYrs,yes
3,female,doubleRoom,blockBrick,cemented,7,yes,no,yes,4,veryNear,TRUE,FALSE,TRUE,FALSE,TRUE,TRUE,FALSE,bad,boda,selfEmployed,below500,below5000,3500,n/a,somewhatProblem,somewhatProblem,somewhatProblem,fairlySerious,yes,doMore,doMore,no,8,yes,moreThree,yes
2,male,singleRoom,blockBrick,cemented,8,yes,yes,no,7,near,TRUE,FALSE,TRUE,FALSE,TRUE,TRUE,FALSE,bad,boda,none,below500,below5000,1600,n/a,somewhatProblem,somewhatProblem,somewhatProblem,somewhatProblem,yes,doMore,doMore,no,8,yes,moreThree,yes
5,male,singleRoom,blockBrick,cemented,7,yes,no,yes,5,near,TRUE,FALSE,TRUE,FALSE,TRUE,TRUE,FALSE,bad,boda,selfEmployed,below500,below5000,3000,n/a,somewhatProblem,somewhatProblem,somewhatProblem,somewhatProblem,yes,doMore,doMore,no,7,yes,moreThree,yes
4,male,singleRoom,blockBrick,earthed,7,yes,no,yes,5,near,TRUE,FALSE,TRUE,FALSE,TRUE,TRUE,FALSE,bad,boda,selfEmployed,below500,below5000,3000,n/a,somewhatProblem,somewhatProblem,somewhatProblem,somewhatProblem,yes,doMore,doMore,no,3,yes,moreThree,yes
4,female,doubleRoom,blockBrick,cemented,5,yes,no,yes,5,near,TRUE,FALSE,TRUE,FALSE,TRUE,TRUE,FALSE,bad,boda,salaried,below500,5001_10_000,3000,n/a,somewhatProblem,somewhatProblem,somewhatProblem,somewhatProblem,yes,doMore,doMore,no,16,yes,twoThreeYrs,yes
1,male,bedsitter,stone,tiled,7,yes,no,yes,5,near,TRUE,FALSE,TRUE,FALSE,TRUE,TRUE,FALSE,bad,boda,salaried,below500,10_001_30_000,6000,n/a,somewhatProblem,somewhatProblem,somewhatProblem,somewhatProblem,yes,doMore,doMore,no,3,yes,moreThree,yes
2,male,bedsitter,stone,cemented,6,yes,no,yes,5,near,TRUE,FALSE,TRUE,FALSE,TRUE,TRUE,FALSE,bad,boda,salaried,below500,10_001_30_000,6500,n/a,somewhatProblem,somewhatProblem,somewhatProblem,somewhatProblem,yes,doMore,doMore,no,3,yes,moreThree,yes
4,male,bedsitter,stone,cemented,6,yes,no,yes,7,near,TRUE,FALSE,TRUE,FALSE,TRUE,TRUE,FALSE,bad,boda,salaried,501_1000,10_001_30_000,6000,n/a,somewhatProblem,somewhatProblem,somewhatProblem,somewhatProblem,yes,doMore,doMore,yes,3,yes,twoThreeYrs,yes
3,male,bedsitter,stone,tiled,6,yes,no,yes,7,near,TRUE,FALSE,FALSE,FALSE,TRUE,TRUE,FALSE,bad,boda,selfEmployed,below500,10_001_30_000,6000,n/a,somewhatProblem,somewhatProblem,somewhatProblem,somewhatProblem,yes,doMore,doMore,no,3,yes,twoThreeYrs,yes
5,male,SC_one_bedr,blockBrick,cemented,5,yes,no,yes,7,near,TRUE,FALSE,TRUE,FALSE,TRUE,TRUE,FALSE,bad,boda,salaried,501_1000,5001_10_000,5000,n/a,somewhatProblem,somewhatProblem,somewhatProblem,somewhatProblem,yes,doMore,doMore,no,3,yes,twoThreeYrs,yes
6,female,doubleRoom,stone,cemented,6,yes,no,yes,5,near,TRUE,FALSE,TRUE,FALSE,TRUE,TRUE,FALSE,bad,boda,salaried,below500,10_001_30_000,4000,n/a,somewhatProblem,somewhatProblem,somewhatProblem,somewhatProblem,yes,doMore,doMore,no,13,yes,twoThreeYrs,yes
5,male,doubleRoom,blockBrick,cemented,5,yes,no,yes,5,near,TRUE,FALSE,TRUE,FALSE,TRUE,TRUE,FALSE,bad,boda,salaried,501_1000,10_001_30_000,4000,n/a,somewhatProblem,somewhatProblem,somewhatProblem,somewhatProblem,yes,doMore,doMore,yes,6,yes,twoThreeYrs,yes
2,female,bedsitter,stone,cemented,5,yes,no,yes,6,near,TRUE,FALSE,TRUE,FALSE,TRUE,TRUE,FALSE,bad,boda,salaried,below500,10_001_30_000,6500,n/a,somewhatProblem,somewhatProblem,somewhatProblem,somewhatProblem,yes,doMore,doMore,no,4,yes,twoThreeYrs,yes
5,male,doubleRoom,blockBrick,earthed,7,yes,no,yes,6,near,TRUE,FALSE,TRUE,FALSE,TRUE,TRUE,FALSE,bad,boda,selfEmployed,below500,5001_10_000,3500,n/a,somewhatProblem,somewhatProblem,somewhatProblem,somewhatProblem,yes,doMore,doMore,no,6,yes,moreThree,yes
5,male,doubleRoom,blockBrick,cemented,6,yes,no,yes,5,near,TRUE,FALSE,TRUE,TRUE,TRUE,TRUE,FALSE,bad,boda,selfEmployed,below500,5001_10_000,3500,n/a,somewhatProblem,somewhatProblem,somewhatProblem,somewhatProblem,yes,doMore,doMore,no,5,yes,moreThree,yes
4,male,doubleRoom,blockBrick,cemented,6,yes,no,yes,6,near,TRUE,FALSE,TRUE,TRUE,TRUE,TRUE,FALSE,bad,boda,salaried,below500,10_001_30_000,3000,n/a,somewhatProblem,somewhatProblem,somewhatProblem,somewhatProblem,yes,doMore,doMore,no,5,yes,moreThree,yes
3,male,bedsitter,blockBrick,tiled,5,yes,no,yes,6,near,TRUE,FALSE,TRUE,TRUE,TRUE,TRUE,FALSE,bad,boda,selfEmployed,below500,10_001_30_000,5000,n/a,somewhatProblem,somewhatProblem,somewhatProblem,somewhatProblem,yes,doMore,doMore,no,5,yes,twoThreeYrs,yes
4,male,bedsitter,blockBrick,cemented,6,yes,no,yes,7,near,TRUE,FALSE,TRUE,TRUE,TRUE,TRUE,FALSE,bad,boda,salaried,below500,10_001_30_000,5000,n/a,somewhatProblem,somewhatProblem,somewhatProblem,somewhatProblem,yes,doMore,doMore,no,5,yes,moreThree,yes
4,male,doubleRoom,blockBrick,cemented,6,yes,no,yes,6,near,TRUE,FALSE,TRUE,TRUE,TRUE,TRUE,FALSE,bad,boda,selfEmployed,501_1000,10_001_30_000,3500,n/a,somewhatProblem,somewhatProblem,somewhatProblem,somewhatProblem,yes,doMore,doMore,no,5,yes,moreThree,yes
5,female,bedsitter,stone,cemented,6,yes,no,yes,6,near,TRUE,FALSE,TRUE,FALSE,TRUE,TRUE,FALSE,bad,boda,salaried,501_1000,10_001_30_000,8000,n/a,somewhatProblem,somewhatProblem,somewhatProblem,somewhatProblem,yes,doMore,doMore,no,5,yes,twoThreeYrs,yes
4,male,singleRoom,blockBrick,tiled,2,yes,no,no,3,far,FALSE,TRUE,FALSE,FALSE,FALSE,FALSE,FALSE,good,boda,none,below500,5001_10_000,4500,n/a,notProblem,fairlySerious,notProblem,notProblem,yes,doingNothing,doingNothing,no,5,no,moreThree,maybe
5,female,SC_three_bedr,blockBrick,tiled,8,yes,no,no,7,far,TRUE,FALSE,TRUE,TRUE,TRUE,TRUE,FALSE,good,matatu,none,1001_3000,above50_000,15000,n/a,verySerious,verySerious,fairlySerious,verySerious,no,doMore,doMore,no,5,yes,withinaYear,yes
3,male,singleRoom,blockBrick,earthed,5,yes,no,yes,5,near,TRUE,FALSE,TRUE,FALSE,TRUE,TRUE,FALSE,bad,boda,none,below500,below5000,1200,n/a,somewhatProblem,somewhatProblem,somewhatProblem,somewhatProblem,yes,doMore,doMore,no,4,yes,moreThree,yes
7,male,doubleRoom,mud,cemented,6,yes,no,yes,5,near,TRUE,FALSE,TRUE,FALSE,FALSE,TRUE,FALSE,bad,boda,selfEmployed,below500,10_001_30_000,3500,n/a,somewhatProblem,somewhatProblem,somewhatProblem,somewhatProblem,yes,doMore,doMore,no,6,yes,twoThreeYrs,yes
5,male,doubleRoom,stone,cemented,6,yes,no,yes,6,near,TRUE,FALSE,TRUE,FALSE,TRUE,TRUE,FALSE,bad,boda,salaried,below500,30_000_50_000,3500,n/a,somewhatProblem,somewhatProblem,somewhatProblem,somewhatProblem,yes,doMore,doMore,no,6,yes,twoThreeYrs,yes
2,male,SC_one_bedr,stone,cemented,5,yes,no,yes,6,near,TRUE,FALSE,TRUE,FALSE,TRUE,TRUE,FALSE,bad,boda,salaried,below500,10_001_30_000,8000,n/a,somewhatProblem,somewhatProblem,somewhatProblem,somewhatProblem,yes,doMore,doMore,no,4,yes,twoThreeYrs,yes
5,male,doubleRoom,blockBrick,cemented,5,yes,no,yes,5,near,TRUE,FALSE,TRUE,FALSE,TRUE,TRUE,FALSE,bad,boda,selfEmployed,below500,10_001_30_000,3500,n/a,somewhatProblem,somewhatProblem,somewhatProblem,somewhatProblem,yes,doMore,doMore,no,5,yes,twoThreeYrs,yes
6,male,doubleRoom,stone,cemented,7,yes,no,yes,6,near,TRUE,FALSE,TRUE,FALSE,TRUE,TRUE,FALSE,bad,boda,none,below500,below5000,3500,n/a,somewhatProblem,somewhatProblem,somewhatProblem,somewhatProblem,yes,doMore,doMore,no,4,yes,twoThreeYrs,yes
2,male,SC_one_bedr,stone,cemented,6,yes,no,yes,5,near,TRUE,FALSE,TRUE,FALSE,TRUE,TRUE,FALSE,bad,boda,salaried,below500,5001_10_000,8000,n/a,somewhatProblem,somewhatProblem,somewhatProblem,somewhatProblem,yes,doMore,doMore,no,15,yes,twoThreeYrs,yes
6,male,doubleRoom,blockBrick,cemented,5,yes,no,yes,5,veryNear,TRUE,FALSE,TRUE,FALSE,TRUE,TRUE,FALSE,good,boda,none,below500,5001_10_000,3000,n/a,somewhatProblem,somewhatProblem,somewhatProblem,somewhatProblem,yes,doMore,doMore,no,5,yes,twoThreeYrs,yes
5,male,doubleRoom,blockBrick,earthed,4,yes,no,yes,5,near,TRUE,FALSE,TRUE,FALSE,TRUE,TRUE,FALSE,bad,boda,salaried,501_1000,30_000_50_000,3500,n/a,somewhatProblem,somewhatProblem,somewhatProblem,somewhatProblem,yes,doMore,doMore,no,5,yes,twoThreeYrs,yes
5,male,doubleRoom,stone,cemented,5,yes,no,yes,5,near,TRUE,FALSE,TRUE,TRUE,TRUE,TRUE,FALSE,bad,boda,salaried,below500,10_001_30_000,3500,n/a,somewhatProblem,somewhatProblem,somewhatProblem,somewhatProblem,yes,doMore,doMore,no,15,yes,twoThreeYrs,yes
4,female,singleRoom,blockBrick,tiled,3,yes,yes,no,5,far,FALSE,TRUE,FALSE,FALSE,FALSE,FALSE,FALSE,good,boda,none,below500,5001_10_000,1600,n/a,verySerious,fairlySerious,somewhatProblem,somewhatProblem,yes,doMore,doMore,no,6,yes,withinaYear,yes
2,male,bedsitter,blockBrick,tiled,5,yes,yes,yes,5,near,TRUE,FALSE,FALSE,FALSE,FALSE,FALSE,FALSE,good,boda,salaried,1001_3000,10_001_30_000,8000,n/a,verySerious,fairlySerious,somewhatProblem,somewhatProblem,yes,doMore,doMore,notSure,5,no,withinaYear,yes
4,male,SC_one_bedr,stone,cemented,7,yes,no,yes,6,near,TRUE,FALSE,TRUE,FALSE,TRUE,TRUE,FALSE,good,boda,salaried,501_1000,30_000_50_000,8500,n/a,somewhatProblem,somewhatProblem,somewhatProblem,somewhatProblem,yes,doMore,doMore,no,3,yes,moreThree,yes
3,female,doubleRoom,blockBrick,tiled,5,yes,yes,notSure,5,near,FALSE,TRUE,FALSE,FALSE,FALSE,FALSE,FALSE,bad,boda,salaried,1001_3000,10_001_30_000,3500,n/a,fairlySerious,somewhatProblem,fairlySerious,somewhatProblem,yes,doMore,doMore,no,3,no,twoThreeYrs,yes
2,female,SC_one_bedr,blockBrick,cemented,5,yes,yes,notSure,5,near,TRUE,FALSE,FALSE,FALSE,FALSE,FALSE,FALSE,good,boda,salaried,501_1000,10_001_30_000,8000,n/a,fairlySerious,somewhatProblem,somewhatProblem,somewhatProblem,yes,doMore,doMore,notSure,4,no,moreThree,yes
5,female,singleRoom,blockBrick,tiled,6,yes,yes,yes,5,near,TRUE,FALSE,FALSE,FALSE,FALSE,FALSE,FALSE,good,boda,salaried,501_1000,10_001_30_000,2000,n/a,fairlySerious,somewhatProblem,somewhatProblem,somewhatProblem,yes,doMore,doMore,no,3,no,twoThreeYrs,yes
2,male,singleRoom,stone,tiled,5,yes,no,yes,4,far,TRUE,TRUE,TRUE,FALSE,TRUE,TRUE,FALSE,bad,boda,selfEmployed,below500,10_001_30_000,1600,n/a,somewhatProblem,somewhatProblem,somewhatProblem,somewhatProblem,yes,doMore,doMore,no,3,yes,withinaYear,yes
2,male,singleRoom,blockBrick,tiled,2,yes,no,no,6,near,TRUE,FALSE,FALSE,FALSE,FALSE,FALSE,FALSE,bad,boda,none,below500,below5000,1800,n/a,somewhatProblem,somewhatProblem,somewhatProblem,somewhatProblem,yes,doMore,doMore,no,6,yes,withinaYear,yes
3,male,doubleRoom,stone,cemented,4,yes,yes,yes,4,near,TRUE,FALSE,TRUE,FALSE,TRUE,TRUE,FALSE,bad,matatu,salaried,below500,10_001_30_000,3500,n/a,somewhatProblem,somewhatProblem,somewhatProblem,somewhatProblem,yes,doMore,doMore,no,5,yes,twoThreeYrs,yes
4,female,bedsitter,stone,tiled,5,yes,yes,yes,5,near,TRUE,FALSE,TRUE,FALSE,TRUE,TRUE,FALSE,bad,boda,salaried,1001_3000,below5000,8000,n/a,somewhatProblem,somewhatProblem,somewhatProblem,somewhatProblem,yes,doMore,doMore,no,3,no,twoThreeYrs,yes
4,male,doubleRoom,blockBrick,cemented,4,yes,no,yes,6,near,TRUE,FALSE,TRUE,FALSE,TRUE,TRUE,FALSE,bad,boda,salaried,501_1000,10_001_30_000,3500,n/a,somewhatProblem,somewhatProblem,somewhatProblem,somewhatProblem,yes,doMore,doMore,no,16,yes,twoThreeYrs,yes
6,male,doubleRoom,stone,cemented,7,yes,no,yes,5,near,TRUE,FALSE,TRUE,FALSE,TRUE,TRUE,FALSE,bad,boda,salaried,below500,10_001_30_000,3200,n/a,somewhatProblem,somewhatProblem,somewhatProblem,somewhatProblem,yes,doMore,doMore,no,14,yes,twoThreeYrs,yes
5,male,singleRoom,stone,cemented,3,yes,no,no,3,far,FALSE,FALSE,FALSE,FALSE,FALSE,TRUE,FALSE,veryGood,boda,selfEmployed,below500,5001_10_000,2500,n/a,somewhatProblem,somewhatProblem,somewhatProblem,somewhatProblem,yes,doMore,doMore,no,5,yes,withinaYear,yes
5,male,doubleRoom,blockBrick,cemented,6,yes,no,yes,6,near,TRUE,FALSE,TRUE,FALSE,TRUE,TRUE,FALSE,bad,boda,salaried,below500,10_001_30_000,3200,n/a,somewhatProblem,somewhatProblem,somewhatProblem,somewhatProblem,yes,doMore,doMore,no,15,yes,twoThreeYrs,yes
4,male,doubleRoom,blockBrick,tiled,6,yes,no,yes,4,near,TRUE,FALSE,TRUE,FALSE,TRUE,TRUE,FALSE,bad,boda,selfEmployed,501_1000,10_001_30_000,3500,n/a,verySerious,verySerious,verySerious,verySerious,yes,doingEnough,doMore,no,12,yes,moreThree,yes
3,male,bedsitter,blockBrick,tiled,4,yes,no,yes,4,near,TRUE,FALSE,TRUE,FALSE,TRUE,TRUE,FALSE,bad,boda,salaried,501_1000,30_000_50_000,8000,n/a,verySerious,verySerious,verySerious,verySerious,yes,doMore,doMore,no,10,yes,twoThreeYrs,yes
2,male,bedsitter,blockBrick,cemented,6,yes,no,yes,5,near,TRUE,FALSE,TRUE,FALSE,TRUE,TRUE,FALSE,bad,boda,salaried,below500,10_001_30_000,7000,n/a,somewhatProblem,somewhatProblem,somewhatProblem,somewhatProblem,yes,doMore,doMore,no,3,yes,twoThreeYrs,yes
5,female,doubleRoom,stone,cemented,5,yes,no,yes,5,near,TRUE,FALSE,TRUE,FALSE,TRUE,TRUE,FALSE,bad,boda,selfEmployed,below500,10_001_30_000,3000,n/a,somewhatProblem,somewhatProblem,somewhatProblem,somewhatProblem,yes,doMore,doMore,no,5,yes,twoThreeYrs,yes
3,female,doubleRoom,blockBrick,cemented,6,yes,no,yes,6,near,TRUE,FALSE,TRUE,FALSE,TRUE,TRUE,FALSE,bad,boda,salaried,below500,10_001_30_000,3000,n/a,somewhatProblem,somewhatProblem,somewhatProblem,somewhatProblem,yes,doMore,doMore,no,16,yes,moreThree,yes
5,female,doubleRoom,blockBrick,cemented,6,yes,no,yes,3,near,TRUE,FALSE,TRUE,FALSE,TRUE,TRUE,FALSE,bad,boda,salaried,below500,10_001_30_000,3000,n/a,somewhatProblem,somewhatProblem,somewhatProblem,somewhatProblem,yes,doMore,doMore,no,5,yes,twoThreeYrs,yes
2,male,bedsitter,stone,tiled,6,yes,no,yes,7,near,TRUE,FALSE,TRUE,FALSE,TRUE,TRUE,FALSE,bad,boda,salaried,below500,30_000_50_000,9000,n/a,somewhatProblem,somewhatProblem,somewhatProblem,somewhatProblem,yes,doMore,doMore,no,4,yes,twoThreeYrs,yes
1,female,singleRoom,blockBrick,cemented,5,yes,no,yes,3,near,TRUE,FALSE,TRUE,FALSE,TRUE,TRUE,FALSE,bad,boda,salaried,below500,10_001_30_000,1500,n/a,somewhatProblem,somewhatProblem,somewhatProblem,somewhatProblem,yes,doMore,doMore,no,2,yes,twoThreeYrs,yes
1,female,bedsitter,blockBrick,cemented,6,yes,no,yes,6,near,TRUE,FALSE,TRUE,FALSE,TRUE,TRUE,FALSE,bad,boda,salaried,below500,10_001_30_000,5000,n/a,somewhatProblem,somewhatProblem,somewhatProblem,somewhatProblem,yes,doMore,doMore,no,1,yes,twoThreeYrs,yes
2,male,doubleRoom,blockBrick,earthed,6,yes,no,yes,5,near,TRUE,FALSE,TRUE,FALSE,TRUE,TRUE,FALSE,bad,boda,salaried,below500,10_001_30_000,3000,n/a,somewhatProblem,somewhatProblem,somewhatProblem,somewhatProblem,yes,doMore,doMore,yes,1,yes,twoThreeYrs,yes
4,male,bedsitter,stone,cemented,5,yes,no,yes,5,near,TRUE,FALSE,TRUE,FALSE,TRUE,TRUE,FALSE,bad,boda,selfEmployed,below500,10_001_30_000,6600,n/a,somewhatProblem,somewhatProblem,somewhatProblem,somewhatProblem,yes,doMore,doMore,no,1,yes,twoThreeYrs,yes
1,male,bedsitter,stone,cemented,5,yes,no,yes,6,near,TRUE,FALSE,TRUE,FALSE,TRUE,TRUE,FALSE,bad,boda,salaried,below500,10_001_30_000,8000,n/a,somewhatProblem,somewhatProblem,somewhatProblem,somewhatProblem,yes,doMore,doMore,yes,1,yes,twoThreeYrs,yes
1,male,singleRoom,blockBrick,cemented,8,yes,no,yes,3,near,TRUE,FALSE,TRUE,FALSE,TRUE,TRUE,FALSE,bad,boda,selfEmployed,501_1000,below5000,1600,n/a,somewhatProblem,somewhatProblem,somewhatProblem,somewhatProblem,yes,doMore,doMore,no,1,yes,twoThreeYrs,yes
1,male,bedsitter,stone,cemented,4,yes,no,yes,4,near,TRUE,FALSE,TRUE,FALSE,TRUE,TRUE,FALSE,bad,boda,selfEmployed,501_1000,30_000_50_000,8000,n/a,verySerious,verySerious,verySerious,verySerious,yes,doMore,doMore,no,13,no,twoThreeYrs,yes
3,male,doubleRoom,stone,cemented,4,yes,no,yes,4,near,TRUE,FALSE,TRUE,FALSE,TRUE,TRUE,FALSE,bad,boda,salaried,501_1000,10_001_30_000,6000,n/a,verySerious,verySerious,verySerious,verySerious,yes,doMore,doMore,no,15,no,moreThree,yes
4,male,bedsitter,stone,tiled,4,yes,no,yes,4,near,TRUE,FALSE,TRUE,FALSE,TRUE,TRUE,FALSE,bad,boda,selfEmployed,501_1000,30_000_50_000,7000,n/a,verySerious,verySerious,verySerious,verySerious,yes,doMore,doMore,no,9,no,withinaYear,yes
1,male,bedsitter,stone,tiled,8,yes,no,yes,7,near,TRUE,TRUE,TRUE,TRUE,FALSE,TRUE,FALSE,good,boda,selfEmployed,below500,5001_10_000,5000,n/a,somewhatProblem,somewhatProblem,somewhatProblem,somewhatProblem,yes,doMore,doMore,yes,2,yes,twoThreeYrs,yes
1,female,bedsitter,stone,tiled,8,yes,no,yes,7,near,TRUE,TRUE,TRUE,TRUE,FALSE,TRUE,FALSE,good,tuktuk,selfEmployed,below500,5001_10_000,5000,n/a,somewhatProblem,somewhatProblem,somewhatProblem,somewhatProblem,yes,doMore,doMore,no,1,yes,twoThreeYrs,yes
6,female,doubleRoom,blockBrick,cemented,5,yes,no,yes,6,near,TRUE,FALSE,TRUE,FALSE,TRUE,TRUE,FALSE,bad,boda,none,below500,10_001_30_000,3000,n/a,somewhatProblem,somewhatProblem,somewhatProblem,somewhatProblem,yes,doMore,doMore,no,1,yes,twoThreeYrs,yes
1,male,bedsitter,stone,tiled,10,yes,no,no,9,near,FALSE,TRUE,FALSE,FALSE,TRUE,FALSE,FALSE,good,boda,none,below500,5001_10_000,6500,n/a,somewhatProblem,somewhatProblem,somewhatProblem,somewhatProblem,yes,doingNothing,doingNothing,no,1,notSure,withinaYear,yes
3,male,SC_one_bedr,stone,tiled,9,yes,yes,yes,8,near,FALSE,TRUE,FALSE,FALSE,FALSE,TRUE,FALSE,veryGood,boda,selfEmployed,below500,10_001_30_000,5000,n/a,fairlySerious,fairlySerious,somewhatProblem,fairlySerious,undecided,doMore,doMore,notSure,1,yes,withinaYear,maybe
4,male,SC_two_bedr,stone,tiled,10,yes,yes,yes,9,veryFar,TRUE,FALSE,FALSE,FALSE,FALSE,TRUE,FALSE,good,tuktuk,salaried,501_1000,30_000_50_000,11000,n/a,notProblem,fairlySerious,fairlySerious,fairlySerious,yes,doMore,doMore,yes,3,no,moreThree,yes
4,female,SC_two_bedr,stone,tiled,10,yes,yes,yes,8,far,TRUE,FALSE,TRUE,FALSE,FALSE,TRUE,FALSE,good,tuktuk,selfEmployed,501_1000,30_000_50_000,12000,n/a,fairlySerious,somewhatProblem,fairlySerious,fairlySerious,yes,doingEnough,doMore,yes,3,no,moreThree,maybe
3,male,SC_one_bedr,blockBrick,tiled,9,yes,yes,notSure,9,far,TRUE,FALSE,FALSE,FALSE,FALSE,FALSE,FALSE,good,boda,salaried,501_1000,30_000_50_000,9000,n/a,somewhatProblem,fairlySerious,fairlySerious,fairlySerious,yes,doMore,doMore,notSure,2,notSure,moreThree,maybe
2,male,SC_one_bedr,stone,tiled,9,yes,yes,notSure,9,near,TRUE,FALSE,FALSE,FALSE,TRUE,TRUE,FALSE,good,boda,salaried,501_1000,30_000_50_000,7500,n/a,notProblem,fairlySerious,somewhatProblem,fairlySerious,yes,doMore,doMore,notSure,1,yes,withinaYear,maybe
3,male,SC_one_bedr,stone,cemented,9,yes,yes,notSure,8,near,TRUE,FALSE,FALSE,FALSE,FALSE,TRUE,FALSE,good,boda,selfEmployed,501_1000,30_000_50_000,8000,n/a,somewhatProblem,fairlySerious,somewhatProblem,fairlySerious,yes,doingEnough,doMore,notSure,1,yes,withinaYear,maybe
4,male,SC_one_bedr,stone,tiled,9,yes,yes,yes,8,near,TRUE,FALSE,TRUE,FALSE,TRUE,TRUE,FALSE,good,boda,selfEmployed,501_1000,10_001_30_000,7500,n/a,fairlySerious,somewhatProblem,fairlySerious,somewhatProblem,yes,doMore,doMore,no,2,yes,withinaYear,maybe
4,male,SC_one_bedr,stone,tiled,9,yes,yes,notSure,8,far,TRUE,FALSE,FALSE,FALSE,FALSE,FALSE,FALSE,good,boda,salaried,501_1000,30_000_50_000,7500,n/a,somewhatProblem,fairlySerious,somewhatProblem,fairlySerious,undecided,doMore,doMore,notSure,3,no,moreThree,maybe
2,male,SC_one_bedr,stone,tiled,8,yes,yes,yes,9,far,TRUE,FALSE,FALSE,FALSE,FALSE,TRUE,FALSE,good,boda,selfEmployed,501_1000,30_000_50_000,7500,n/a,notProblem,fairlySerious,somewhatProblem,fairlySerious,yes,doMore,doMore,yes,3,no,moreThree,maybe
2,female,SC_one_bedr,stone,tiled,8,yes,yes,notSure,8,far,TRUE,FALSE,FALSE,FALSE,FALSE,TRUE,FALSE,good,boda,salaried,501_1000,30_000_50_000,7500,n/a,notProblem,notProblem,notProblem,notProblem,undecided,doMore,doingNothing,notSure,1,yes,withinaYear,maybe
2,male,SC_one_bedr,stone,tiled,8,notSure,yes,yes,8,far,TRUE,FALSE,FALSE,FALSE,FALSE,TRUE,FALSE,good,boda,salaried,501_1000,30_000_50_000,7500,n/a,notProblem,fairlySerious,somewhatProblem,somewhatProblem,undecided,doingNothing,doingNothing,notSure,2,yes,twoThreeYrs,maybe
3,male,SC_two_bedr,blockBrick,cemented,8,yes,yes,notSure,8,veryFar,TRUE,FALSE,FALSE,FALSE,FALSE,FALSE,FALSE,bad,boda,salaried,1001_3000,30_000_50_000,7000,n/a,notProblem,notProblem,notProblem,notProblem,yes,doMore,doMore,notSure,1,yes,withinaYear,maybe
4,female,SC_one_bedr,blockBrick,cemented,8,yes,yes,notSure,7,veryFar,TRUE,FALSE,FALSE,FALSE,FALSE,TRUE,FALSE,bad,tuktuk,selfEmployed,501_1000,30_000_50_000,7000,n/a,notProblem,fairlySerious,somewhatProblem,somewhatProblem,yes,doMore,doMore,notSure,1,yes,twoThreeYrs,yes
2,male,SC_one_bedr,blockBrick,cemented,8,yes,yes,yes,8,veryFar,TRUE,FALSE,FALSE,FALSE,FALSE,FALSE,FALSE,bad,boda,salaried,501_1000,30_000_50_000,7000,n/a,notProblem,fairlySerious,somewhatProblem,somewhatProblem,yes,doMore,doingNothing,notSure,1,yes,twoThreeYrs,maybe
3,male,SC_one_bedr,blockBrick,cemented,9,yes,yes,notSure,9,veryFar,TRUE,FALSE,FALSE,FALSE,FALSE,FALSE,FALSE,bad,boda,salaried,501_1000,30_000_50_000,7000,n/a,notProblem,somewhatProblem,somewhatProblem,somewhatProblem,yes,doingNothing,doingNothing,notSure,1,yes,withinaYear,maybe
4,male,SC_two_bedr,blockBrick,cemented,9,yes,yes,notSure,8,far,TRUE,FALSE,FALSE,FALSE,FALSE,FALSE,FALSE,good,boda,selfEmployed,501_1000,30_000_50_000,10000,n/a,notProblem,fairlySerious,somewhatProblem,somewhatProblem,yes,doMore,doMore,notSure,1,yes,withinaYear,maybe
15,male,SC_two_bedr,blockBrick,cemented,9,no,yes,notSure,8,near,TRUE,FALSE,FALSE,FALSE,TRUE,TRUE,FALSE,good,tuktuk,salaried,1001_3000,above50_000,10000,n/a,notProblem,fairlySerious,somewhatProblem,fairlySerious,yes,doMore,doMore,notSure,2,yes,twoThreeYrs,maybe
4,female,SC_two_bedr,blockBrick,cemented,9,yes,yes,yes,9,near,TRUE,FALSE,FALSE,FALSE,TRUE,TRUE,FALSE,good,tuktuk,salaried,501_1000,30_000_50_000,10500,n/a,notProblem,notProblem,fairlySerious,fairlySerious,yes,doMore,doMore,no,1,notSure,withinaYear,maybe
5,male,SC_two_bedr,blockBrick,tiled,9,yes,no,yes,8,veryFar,TRUE,FALSE,FALSE,FALSE,FALSE,FALSE,FALSE,bad,boda,salaried,1001_3000,above50_000,10000,n/a,notProblem,fairlySerious,somewhatProblem,fairlySerious,yes,doMore,doMore,no,2,yes,twoThreeYrs,maybe
4,female,SC_two_bedr,stone,tiled,9,yes,yes,yes,8,far,TRUE,FALSE,FALSE,FALSE,FALSE,TRUE,FALSE,good,boda,salaried,501_1000,30_000_50_000,9500,n/a,notProblem,fairlySerious,somewhatProblem,fairlySerious,yes,doMore,doMore,notSure,2,yes,withinaYear,maybe
4,male,SC_two_bedr,stone,tiled,9,yes,yes,yes,9,far,TRUE,FALSE,FALSE,FALSE,FALSE,FALSE,FALSE,good,tuktuk,salaried,501_1000,above50_000,10000,n/a,notProblem,fairlySerious,somewhatProblem,fairlySerious,yes,doMore,doMore,notSure,4,no,moreThree,maybe
5,male,SC_two_bedr,stone,tiled,9,yes,yes,yes,9,near,TRUE,FALSE,FALSE,FALSE,TRUE,TRUE,FALSE,good,boda,selfEmployed,501_1000,above50_000,12000,n/a,notProblem,fairlySerious,somewhatProblem,fairlySerious,yes,doMore,doMore,yes,2,no,moreThree,maybe
5,female,SC_two_bedr,stone,tiled,9,yes,yes,yes,8,near,TRUE,TRUE,FALSE,FALSE,TRUE,TRUE,FALSE,good,boda,selfEmployed,501_1000,above50_000,12000,n/a,notProblem,somewhatProblem,somewhatProblem,somewhatProblem,yes,doMore,doMore,no,1,notSure,twoThreeYrs,maybe
4,male,SC_two_bedr,stone,tiled,9,yes,yes,yes,9,near,TRUE,FALSE,FALSE,FALSE,TRUE,TRUE,FALSE,good,boda,selfEmployed,1001_3000,above50_000,12000,n/a,notProblem,somewhatProblem,notProblem,notProblem,yes,doMore,doMore,notSure,3,yes,twoThreeYrs,maybe
6,male,SC_two_bedr,stone,tiled,9,yes,yes,notSure,9,near,TRUE,FALSE,FALSE,FALSE,TRUE,TRUE,FALSE,good,boda,salaried,1001_3000,above50_000,12000,n/a,notProblem,fairlySerious,somewhatProblem,somewhatProblem,yes,doMore,doMore,notSure,4,no,moreThree,maybe
4,female,SC_two_bedr,stone,cemented,9,yes,no,yes,9,veryFar,TRUE,FALSE,FALSE,FALSE,FALSE,FALSE,FALSE,bad,boda,selfEmployed,501_1000,30_000_50_000,10000,n/a,notProblem,fairlySerious,somewhatProblem,somewhatProblem,yes,doingNothing,doingNothing,no,1,yes,withinaYear,maybe
5,male,SC_two_bedr,stone,cemented,9,yes,no,yes,9,far,TRUE,FALSE,FALSE,FALSE,FALSE,FALSE,FALSE,bad,boda,salaried,501_1000,above50_000,10000,n/a,notProblem,notProblem,fairlySerious,notProblem,yes,doingNothing,doMore,notSure,3,yes,twoThreeYrs,maybe
4,male,SC_two_bedr,stone,cemented,9,yes,yes,yes,10,far,TRUE,FALSE,FALSE,FALSE,FALSE,FALSE,FALSE,good,boda,selfEmployed,1001_3000,above50_000,12000,n/a,notProblem,fairlySerious,fairlySerious,fairlySerious,yes,doingNothing,doMore,notSure,5,yes,twoThreeYrs,maybe
5,male,SC_two_bedr,blockBrick,cemented,9,yes,yes,yes,8,far,TRUE,FALSE,FALSE,FALSE,FALSE,TRUE,FALSE,good,boda,selfEmployed,1001_3000,above50_000,12000,n/a,notProblem,fairlySerious,somewhatProblem,fairlySerious,yes,doingNothing,doMore,notSure,5,yes,withinaYear,maybe
5,male,SC_two_bedr,stone,cemented,9,yes,yes,yes,9,far,TRUE,FALSE,FALSE,FALSE,FALSE,FALSE,FALSE,good,boda,selfEmployed,501_1000,above50_000,12000,n/a,notProblem,somewhatProblem,fairlySerious,somewhatProblem,yes,doingNothing,doMore,no,6,yes,withinaYear,maybe
2,female,doubleRoom,stone,cemented,8,yes,no,notSure,8,far,TRUE,FALSE,FALSE,FALSE,FALSE,FALSE,FALSE,good,boda,selfEmployed,501_1000,30_000_50_000,4500,n/a,notProblem,fairlySerious,notProblem,notProblem,undecided,doMore,doMore,notSure,1,notSure,twoThreeYrs,maybe
2,male,singleRoom,blockBrick,cemented,7,yes,no,no,8,veryFar,FALSE,TRUE,FALSE,FALSE,FALSE,TRUE,FALSE,veryGood,boda,none,below500,below5000,2500,n/a,notProblem,fairlySerious,fairlySerious,somewhatProblem,undecided,doingNothing,doingNothing,no,2,yes,immediately,maybe
3,male,singleRoom,blockBrick,cemented,8,yes,no,notSure,8,veryFar,FALSE,TRUE,FALSE,FALSE,FALSE,FALSE,FALSE,veryGood,boda,none,below500,below5000,2500,n/a,notProblem,notProblem,notProblem,notProblem,undecided,doingNothing,doingNothing,notSure,1,yes,withinaYear,maybe
3,male,singleRoom,blockBrick,cemented,8,yes,no,notSure,7,veryFar,FALSE,TRUE,FALSE,FALSE,FALSE,FALSE,FALSE,veryGood,boda,salaried,below500,10_001_30_000,3000,n/a,notProblem,notProblem,fairlySerious,notProblem,yes,doingNothing,doingNothing,notSure,1,yes,immediately,maybe
1,female,singleRoom,blockBrick,cemented,7,yes,no,yes,7,veryFar,TRUE,TRUE,FALSE,FALSE,FALSE,FALSE,FALSE,veryGood,boda,selfEmployed,below500,10_001_30_000,3000,n/a,fairlySerious,notProblem,fairlySerious,somewhatProblem,undecided,doingNothing,doMore,notSure,4,yes,withinaYear,maybe
1,female,singleRoom,blockBrick,cemented,7,no,no,yes,7,veryFar,FALSE,TRUE,FALSE,FALSE,FALSE,TRUE,FALSE,veryGood,boda,selfEmployed,below500,10_001_30_000,3000,n/a,notProblem,somewhatProblem,notProblem,somewhatProblem,yes,doingNothing,doMore,notSure,3,notSure,withinaYear,maybe
2,female,singleRoom,blockBrick,cemented,6,yes,notSure,notSure,7,far,TRUE,TRUE,TRUE,TRUE,TRUE,TRUE,FALSE,good,boda,salaried,501_1000,10_001_30_000,3000,n/a,fairlySerious,verySerious,fairlySerious,verySerious,yes,doMore,doMore,notSure,12,notSure,moreThree,maybe
1,male,singleRoom,blockBrick,cemented,7,yes,yes,notSure,8,far,TRUE,TRUE,TRUE,TRUE,TRUE,TRUE,FALSE,good,boda,selfEmployed,501_1000,5001_10_000,3000,n/a,fairlySerious,somewhatProblem,verySerious,fairlySerious,undecided,doMore,doingNothing,notSure,10,notSure,moreThree,maybe
2,female,singleRoom,blockBrick,cemented,6,yes,notSure,notSure,7,far,TRUE,TRUE,TRUE,TRUE,TRUE,TRUE,FALSE,good,boda,salaried,1001_3000,10_001_30_000,3000,n/a,verySerious,fairlySerious,verySerious,verySerious,undecided,doMore,doingNothing,notSure,5,notSure,moreThree,maybe
1,female,singleRoom,blockBrick,cemented,6,notSure,notSure,notSure,7,far,TRUE,TRUE,TRUE,TRUE,TRUE,TRUE,FALSE,good,boda,none,501_1000,below5000,3000,n/a,somewhatProblem,fairlySerious,fairlySerious,verySerious,undecided,doMore,doMore,notSure,13,notSure,withinaYear,maybe
3,male,singleRoom,blockBrick,cemented,7,notSure,notSure,notSure,6,far,TRUE,TRUE,TRUE,TRUE,TRUE,TRUE,FALSE,good,boda,salaried,501_1000,10_001_30_000,3500,n/a,verySerious,fairlySerious,verySerious,fairlySerious,undecided,doMore,doMore,notSure,6,notSure,twoThreeYrs,maybe
1,female,singleRoom,blockBrick,cemented,7,yes,yes,no,6,far,TRUE,TRUE,TRUE,TRUE,TRUE,TRUE,FALSE,good,boda,selfEmployed,501_1000,10_001_30_000,3500,n/a,somewhatProblem,somewhatProblem,somewhatProblem,somewhatProblem,undecided,doMore,doMore,notSure,8,notSure,twoThreeYrs,maybe
3,male,singleRoom,blockBrick,cemented,8,notSure,notSure,notSure,5,far,TRUE,TRUE,TRUE,TRUE,TRUE,TRUE,FALSE,good,boda,selfEmployed,501_1000,10_001_30_000,3500,n/a,verySerious,fairlySerious,verySerious,verySerious,undecided,doMore,doMore,notSure,9,notSure,twoThreeYrs,maybe
2,female,singleRoom,blockBrick,cemented,6,notSure,notSure,notSure,8,far,TRUE,TRUE,TRUE,TRUE,TRUE,TRUE,FALSE,good,boda,salaried,501_1000,10_001_30_000,3500,n/a,verySerious,fairlySerious,verySerious,fairlySerious,undecided,doMore,doMore,notSure,6,notSure,twoThreeYrs,maybe
2,female,singleRoom,blockBrick,cemented,7,notSure,notSure,notSure,8,far,TRUE,TRUE,TRUE,TRUE,TRUE,TRUE,FALSE,good,boda,salaried,501_1000,10_001_30_000,3500,n/a,somewhatProblem,somewhatProblem,verySerious,somewhatProblem,undecided,doMore,doingNothing,notSure,6,notSure,moreThree,maybe
1,female,singleRoom,blockBrick,cemented,6,yes,yes,notSure,7,far,TRUE,TRUE,TRUE,TRUE,TRUE,TRUE,FALSE,good,boda,salaried,501_1000,10_001_30_000,3500,n/a,somewhatProblem,fairlySerious,verySerious,verySerious,undecided,doMore,doingNothing,notSure,8,notSure,moreThree,maybe
1,female,singleRoom,blockBrick,cemented,7,yes,yes,notSure,6,far,TRUE,TRUE,TRUE,TRUE,TRUE,TRUE,FALSE,good,boda,selfEmployed,501_1000,10_001_30_000,3500,n/a,verySerious,fairlySerious,verySerious,verySerious,undecided,doMore,doMore,notSure,10,notSure,moreThree,maybe
2,female,singleRoom,blockBrick,cemented,7,yes,yes,notSure,6,far,TRUE,TRUE,TRUE,TRUE,TRUE,TRUE,FALSE,good,boda,none,501_1000,below5000,3500,n/a,somewhatProblem,verySerious,verySerious,somewhatProblem,undecided,doMore,doMore,notSure,7,notSure,twoThreeYrs,maybe
1,female,singleRoom,blockBrick,cemented,7,yes,yes,notSure,7,far,TRUE,TRUE,TRUE,TRUE,TRUE,TRUE,FALSE,good,boda,salaried,501_1000,10_001_30_000,3500,n/a,verySerious,somewhatProblem,verySerious,somewhatProblem,undecided,doMore,doMore,notSure,12,notSure,moreThree,maybe
2,female,singleRoom,blockBrick,cemented,6,notSure,notSure,notSure,7,far,TRUE,TRUE,TRUE,TRUE,TRUE,TRUE,FALSE,good,boda,salaried,501_1000,10_001_30_000,3500,n/a,verySerious,verySerious,verySerious,verySerious,undecided,doMore,doMore,notSure,15,notSure,moreThree,maybe
2,male,singleRoom,blockBrick,cemented,5,notSure,notSure,notSure,7,far,TRUE,TRUE,TRUE,TRUE,TRUE,TRUE,FALSE,good,boda,selfEmployed,501_1000,10_001_30_000,3500,n/a,fairlySerious,fairlySerious,verySerious,fairlySerious,undecided,doMore,doMore,notSure,6,notSure,moreThree,maybe
3,male,singleRoom,blockBrick,cemented,7,yes,notSure,notSure,6,far,TRUE,TRUE,TRUE,TRUE,TRUE,TRUE,FALSE,good,boda,selfEmployed,501_1000,10_001_30_000,3500,n/a,fairlySerious,fairlySerious,verySerious,somewhatProblem,undecided,doMore,doMore,notSure,13,notSure,moreThree,maybe
1,female,singleRoom,blockBrick,cemented,7,yes,notSure,notSure,6,far,TRUE,TRUE,TRUE,TRUE,TRUE,TRUE,FALSE,good,boda,none,501_1000,below5000,3500,n/a,fairlySerious,somewhatProblem,fairlySerious,fairlySerious,undecided,doMore,doingNothing,notSure,11,notSure,twoThreeYrs,maybe
2,female,singleRoom,blockBrick,cemented,7,notSure,notSure,notSure,7,far,TRUE,TRUE,TRUE,TRUE,TRUE,TRUE,FALSE,good,boda,selfEmployed,501_1000,10_001_30_000,3500,n/a,somewhatProblem,fairlySerious,verySerious,fairlySerious,undecided,doMore,doMore,notSure,7,notSure,moreThree,maybe
1,male,singleRoom,blockBrick,cemented,6,notSure,notSure,notSure,8,far,TRUE,TRUE,TRUE,TRUE,TRUE,TRUE,FALSE,good,boda,salaried,501_1000,10_001_30_000,3500,n/a,verySerious,fairlySerious,verySerious,verySerious,undecided,doMore,doMore,notSure,14,notSure,moreThree,maybe
1,female,singleRoom,blockBrick,cemented,7,yes,yes,notSure,7,far,TRUE,TRUE,TRUE,TRUE,TRUE,TRUE,FALSE,good,boda,selfEmployed,501_1000,10_001_30_000,3500,n/a,verySerious,fairlySerious,verySerious,verySerious,undecided,doMore,doMore,notSure,15,notSure,moreThree,maybe
3,female,singleRoom,blockBrick,cemented,7,yes,notSure,notSure,8,far,TRUE,TRUE,TRUE,TRUE,TRUE,TRUE,FALSE,good,boda,salaried,501_1000,10_001_30_000,3500,n/a,somewhatProblem,somewhatProblem,verySerious,fairlySerious,undecided,doMore,doMore,notSure,14,notSure,twoThreeYrs,maybe
3,male,singleRoom,blockBrick,cemented,7,notSure,notSure,notSure,7,far,TRUE,TRUE,TRUE,TRUE,TRUE,TRUE,FALSE,good,boda,salaried,501_1000,10_001_30_000,3500,n/a,somewhatProblem,fairlySerious,verySerious,fairlySerious,undecided,doMore,doMore,notSure,9,notSure,moreThree,maybe
1,male,singleRoom,blockBrick,cemented,8,notSure,notSure,notSure,8,far,TRUE,TRUE,TRUE,TRUE,TRUE,TRUE,FALSE,good,boda,salaried,501_1000,10_001_30_000,3500,n/a,verySerious,fairlySerious,verySerious,somewhatProblem,undecided,doMore,doMore,notSure,3,notSure,withinaYear,maybe
3,female,singleRoom,blockBrick,cemented,7,notSure,notSure,notSure,8,far,TRUE,TRUE,TRUE,TRUE,TRUE,TRUE,FALSE,good,boda,selfEmployed,501_1000,10_001_30_000,3000,n/a,verySerious,fairlySerious,verySerious,somewhatProblem,undecided,doMore,doMore,notSure,16,notSure,moreThree,maybe
1,male,singleRoom,blockBrick,cemented,7,yes,yes,notSure,7,far,TRUE,TRUE,TRUE,TRUE,TRUE,TRUE,FALSE,good,boda,salaried,501_1000,10_001_30_000,3000,n/a,somewhatProblem,fairlySerious,verySerious,verySerious,undecided,doMore,doMore,notSure,10,notSure,moreThree,maybe
3,female,singleRoom,blockBrick,cemented,7,yes,yes,notSure,7,far,TRUE,TRUE,TRUE,TRUE,TRUE,TRUE,FALSE,good,boda,selfEmployed,501_1000,10_001_30_000,3000,n/a,verySerious,fairlySerious,verySerious,verySerious,undecided,doMore,doMore,notSure,19,notSure,twoThreeYrs,maybe
3,female,singleRoom,blockBrick,cemented,8,yes,yes,notSure,7,far,TRUE,TRUE,TRUE,TRUE,TRUE,TRUE,FALSE,good,boda,salaried,501_1000,10_001_30_000,3000,n/a,somewhatProblem,somewhatProblem,somewhatProblem,somewhatProblem,undecided,doMore,doMore,notSure,20,notSure,moreThree,maybe
3,male,singleRoom,blockBrick,cemented,7,yes,yes,notSure,8,far,TRUE,TRUE,TRUE,TRUE,TRUE,TRUE,FALSE,good,boda,salaried,501_1000,10_001_30_000,3000,n/a,fairlySerious,somewhatProblem,verySerious,fairlySerious,undecided,doMore,doMore,notSure,13,notSure,twoThreeYrs,maybe
2,male,bedsitter,blockBrick,cemented,6,yes,no,yes,7,near,TRUE,FALSE,TRUE,FALSE,TRUE,TRUE,FALSE,veryBad,boda,selfEmployed,below500,30_000_50_000,8000,n/a,somewhatProblem,somewhatProblem,somewhatProblem,somewhatProblem,yes,doMore,doMore,no,12,yes,twoThreeYrs,yes
6,female,doubleRoom,blockBrick,earthed,6,yes,no,yes,5,near,TRUE,FALSE,TRUE,FALSE,TRUE,TRUE,FALSE,bad,boda,salaried,below500,10_001_30_000,3200,n/a,somewhatProblem,somewhatProblem,somewhatProblem,somewhatProblem,yes,doMore,doMore,no,1,yes,twoThreeYrs,yes
5,male,doubleRoom,blockBrick,cemented,6,yes,no,yes,6,near,TRUE,FALSE,TRUE,FALSE,TRUE,TRUE,FALSE,bad,boda,salaried,below500,10_001_30_000,3000,n/a,somewhatProblem,somewhatProblem,somewhatProblem,somewhatProblem,yes,doMore,doMore,no,16,yes,twoThreeYrs,yes
4,male,doubleRoom,mud,earthed,4,yes,no,yes,6,near,TRUE,FALSE,TRUE,FALSE,TRUE,TRUE,FALSE,bad,boda,salaried,below500,10_001_30_000,1000,n/a,somewhatProblem,somewhatProblem,somewhatProblem,somewhatProblem,yes,doMore,doMore,no,1,yes,twoThreeYrs,yes
1,male,singleRoom,blockBrick,cemented,5,yes,no,yes,6,near,TRUE,FALSE,TRUE,FALSE,TRUE,TRUE,FALSE,bad,boda,salaried,below500,10_001_30_000,3000,n/a,somewhatProblem,somewhatProblem,somewhatProblem,somewhatProblem,yes,doMore,doMore,no,1,yes,twoThreeYrs,yes
1,male,SC_one_bedr,stone,cemented,6,yes,no,yes,6,near,TRUE,FALSE,TRUE,FALSE,TRUE,TRUE,FALSE,bad,boda,salaried,below500,30_000_50_000,8000,n/a,somewhatProblem,somewhatProblem,somewhatProblem,somewhatProblem,yes,doMore,doMore,no,2,yes,twoThreeYrs,yes
5,male,doubleRoom,stone,cemented,5,yes,no,yes,6,near,TRUE,FALSE,TRUE,FALSE,TRUE,TRUE,FALSE,bad,boda,salaried,below500,10_001_30_000,4000,n/a,somewhatProblem,somewhatProblem,somewhatProblem,somewhatProblem,yes,doMore,doMore,no,6,yes,twoThreeYrs,yes
6,male,doubleRoom,blockBrick,cemented,6,yes,no,yes,7,near,TRUE,FALSE,TRUE,FALSE,TRUE,TRUE,FALSE,bad,boda,selfEmployed,below500,10_001_30_000,3500,n/a,somewhatProblem,somewhatProblem,somewhatProblem,somewhatProblem,yes,doMore,doMore,no,12,yes,moreThree,yes
1,male,bedsitter,stone,tiled,5,yes,no,yes,6,near,TRUE,FALSE,TRUE,FALSE,TRUE,TRUE,FALSE,bad,boda,salaried,below500,10_001_30_000,8000,n/a,somewhatProblem,somewhatProblem,somewhatProblem,somewhatProblem,yes,doMore,doMore,no,16,yes,twoThreeYrs,yes
5,male,doubleRoom,stone,cemented,6,yes,no,yes,5,near,TRUE,FALSE,TRUE,FALSE,TRUE,TRUE,FALSE,bad,boda,salaried,below500,10_001_30_000,3200,n/a,somewhatProblem,somewhatProblem,somewhatProblem,somewhatProblem,yes,doMore,doMore,no,13,yes,withinaYear,yes
4,male,doubleRoom,blockBrick,cemented,8,yes,no,yes,6,near,TRUE,FALSE,TRUE,FALSE,TRUE,TRUE,FALSE,bad,boda,salaried,below500,30_000_50_000,3000,n/a,somewhatProblem,somewhatProblem,somewhatProblem,somewhatProblem,yes,doMore,doMore,no,7,yes,twoThreeYrs,yes
4,female,doubleRoom,blockBrick,cemented,5,yes,no,yes,6,near,TRUE,FALSE,TRUE,FALSE,TRUE,TRUE,FALSE,bad,boda,none,below500,5001_10_000,3000,n/a,somewhatProblem,somewhatProblem,somewhatProblem,somewhatProblem,yes,doMore,doMore,no,14,yes,twoThreeYrs,yes
1,male,singleRoom,blockBrick,cemented,5,yes,no,yes,5,near,TRUE,FALSE,TRUE,FALSE,TRUE,TRUE,FALSE,bad,boda,selfEmployed,below500,10_001_30_000,1200,n/a,somewhatProblem,somewhatProblem,somewhatProblem,somewhatProblem,yes,doMore,doMore,no,13,yes,twoThreeYrs,yes
3,female,doubleRoom,mud,earthed,5,yes,no,yes,4,near,TRUE,FALSE,TRUE,FALSE,TRUE,TRUE,FALSE,bad,boda,none,below500,5001_10_000,800,n/a,somewhatProblem,somewhatProblem,somewhatProblem,somewhatProblem,yes,doMore,doMore,no,15,yes,moreThree,yes
5,male,doubleRoom,stone,cemented,6,yes,no,yes,6,near,TRUE,FALSE,TRUE,FALSE,TRUE,TRUE,FALSE,bad,boda,salaried,below500,10_001_30_000,3000,n/a,somewhatProblem,somewhatProblem,somewhatProblem,somewhatProblem,yes,doMore,doMore,no,11,yes,twoThreeYrs,yes
4,male,SC_one_bedr,stone,tiled,9,yes,no,yes,6,near,TRUE,FALSE,TRUE,FALSE,TRUE,TRUE,FALSE,bad,boda,salaried,below500,30_000_50_000,7500,n/a,somewhatProblem,somewhatProblem,somewhatProblem,somewhatProblem,yes,doMore,doMore,no,14,yes,moreThree,yes
1,male,singleRoom,blockBrick,cemented,6,yes,no,yes,4,near,TRUE,FALSE,TRUE,FALSE,TRUE,TRUE,FALSE,bad,boda,salaried,below500,10_001_30_000,1500,n/a,somewhatProblem,somewhatProblem,somewhatProblem,somewhatProblem,yes,doMore,doMore,no,12,yes,moreThree,yes
5,female,doubleRoom,blockBrick,cemented,6,yes,no,yes,5,near,TRUE,FALSE,TRUE,FALSE,TRUE,TRUE,FALSE,bad,boda,salaried,below500,10_001_30_000,3000,n/a,somewhatProblem,somewhatProblem,somewhatProblem,somewhatProblem,yes,doMore,doMore,no,12,yes,withinaYear,yes
